price_list_code,reference,unit_price_ht,discount_percent,conditioning,effective_date,uv_par_carton,carton_par_palette,tarif_par_uv,ecotaxe,notes
BIOLAUR-SP-2026-CORSE,SUP3DN750,4.95,0.0,750ml,2026-01-01,6,90,9.1615,,UV/carton: 6 | Cartons/palette: 90 | Tarif UV: 9.1615
BIOLAUR-SP-2026-CORSE,SUP3DN-5,12.5,0.0,5L,2026-01-01,2,64,14.8391,,UV/carton: 2 | Cartons/palette: 64 | Tarif UV: 14.8391
BIOLAUR-SP-2026-CORSE,SUP3DN2-5,15.54,0.0,5L,2026-01-01,2,64,18.6456,,UV/carton: 2 | Cartons/palette: 64 | Tarif UV: 18.6456
BIOLAUR-SP-2026-CORSE,SUP3DNM-5,27.15,0.0,5L,2026-01-01,2,64,32.5814,,UV/carton: 2 | Cartons/palette: 64 | Tarif UV: 32.5814
BIOLAUR-SP-2026-CORSE,SUP3DN-L100,5.18,0.0,l'unité,2026-01-01,10,77,9.3228,,UV/carton: 10 | Cartons/palette: 77 | Tarif UV: 9.3228
BIOLAUR-SP-2026-CORSE,SUP3DLA-5,17.5,0.0,5L,2026-01-01,2,64,22.4844,,UV/carton: 2 | Cartons/palette: 64 | Tarif UV: 22.4844
BIOLAUR-SP-2026-CORSE,SUP3DA-5,17.5,0.0,5L,2026-01-01,2,64,22.4844,,UV/carton: 2 | Cartons/palette: 64 | Tarif UV: 22.4844
BIOLAUR-SP-2026-CORSE,SUP3DF-5,17.5,0.0,5L,2026-01-01,2,64,22.4844,,UV/carton: 2 | Cartons/palette: 64 | Tarif UV: 22.4844
BIOLAUR-SP-2026-CORSE,SUP3DCV-5,17.5,0.0,5L,2026-01-01,2,64,22.4844,,UV/carton: 2 | Cartons/palette: 64 | Tarif UV: 22.4844
BIOLAUR-SP-2026-CORSE,SUP3DP-5,17.5,0.0,5L,2026-01-01,2,64,22.4844,,UV/carton: 2 | Cartons/palette: 64 | Tarif UV: 22.4844
BIOLAUR-SP-2026-CORSE,60100,6.14,0.0,1L,2026-01-01,6,90,11.3551,,UV/carton: 6 | Cartons/palette: 90 | Tarif UV: 11.3551
BIOLAUR-SP-2026-CORSE,60250,6.14,0.0,1L,2026-01-01,6,90,11.3551,,UV/carton: 6 | Cartons/palette: 90 | Tarif UV: 11.3551
BIOLAUR-SP-2026-CORSE,60500,6.14,0.0,1L,2026-01-01,6,90,11.3551,,UV/carton: 6 | Cartons/palette: 90 | Tarif UV: 11.3551
BIOLAUR-SP-2026-CORSE,60200,6.14,0.0,1L,2026-01-01,6,90,11.3551,,UV/carton: 6 | Cartons/palette: 90 | Tarif UV: 11.3551
BIOLAUR-SP-2026-CORSE,60591,6.14,0.0,1L,2026-01-01,6,90,11.3551,,UV/carton: 6 | Cartons/palette: 90 | Tarif UV: 11.3551
BIOLAUR-SP-2026-CORSE,60510,25.14,0.0,5L,2026-01-01,2,64,32.1943,,UV/carton: 2 | Cartons/palette: 64 | Tarif UV: 32.1943
BIOLAUR-SP-2026-CORSE,65250,25.14,0.0,5L,2026-01-01,2,64,32.1943,,UV/carton: 2 | Cartons/palette: 64 | Tarif UV: 32.1943
BIOLAUR-SP-2026-CORSE,60550,25.14,0.0,5L,2026-01-01,2,64,32.1943,,UV/carton: 2 | Cartons/palette: 64 | Tarif UV: 32.1943
BIOLAUR-SP-2026-CORSE,60520,25.14,0.0,5L,2026-01-01,2,64,32.1943,,UV/carton: 2 | Cartons/palette: 64 | Tarif UV: 32.1943
BIOLAUR-SP-2026-CORSE,60590,25.14,0.0,5L,2026-01-01,2,64,32.1943,,UV/carton: 2 | Cartons/palette: 64 | Tarif UV: 32.1943
BIOLAUR-SP-2026-CORSE,CL01-1,7.4,0.0,1L,2026-01-01,6,90,13.3229,,UV/carton: 6 | Cartons/palette: 90 | Tarif UV: 13.3229
BIOLAUR-SP-2026-CORSE,CL01,33.61,0.0,5L,2026-01-01,2,64,60.5176,,UV/carton: 2 | Cartons/palette: 64 | Tarif UV: 60.5176
BIOLAUR-SP-2026-CORSE,PLAN2DN-5,12.31,0.0,5L,2026-01-01,2,64,13.5487,,UV/carton: 2 | Cartons/palette: 64 | Tarif UV: 13.5487
BIOLAUR-SP-2026-CORSE,PLAN2DCV-5,14.71,0.0,5L,2026-01-01,2,64,16.0649,,UV/carton: 2 | Cartons/palette: 64 | Tarif UV: 16.0649
BIOLAUR-SP-2026-CORSE,SUP2DN,5.0,0.0,1L,2026-01-01,6,90,5.6594,,UV/carton: 6 | Cartons/palette: 90 | Tarif UV: 5.6594
BIOLAUR-SP-2026-CORSE,SUP2DCV,5.0,0.0,1L,2026-01-01,6,90,6.8542,,UV/carton: 6 | Cartons/palette: 90 | Tarif UV: 6.8542
BIOLAUR-SP-2026-CORSE,SUP2DLA,5.0,0.0,1L,2026-01-01,6,90,6.8542,,UV/carton: 6 | Cartons/palette: 90 | Tarif UV: 6.8542
BIOLAUR-SP-2026-CORSE,SUP2DA,5.0,0.0,1L,2026-01-01,6,90,6.8542,,UV/carton: 6 | Cartons/palette: 90 | Tarif UV: 6.8542
BIOLAUR-SP-2026-CORSE,SUP2DF,5.0,0.0,1L,2026-01-01,6,90,6.8542,,UV/carton: 6 | Cartons/palette: 90 | Tarif UV: 6.8542
BIOLAUR-SP-2026-CORSE,SUP2DP,5.0,0.0,1L,2026-01-01,6,90,6.8542,,UV/carton: 6 | Cartons/palette: 90 | Tarif UV: 6.8542
BIOLAUR-SP-2026-CORSE,SUP2DN-5,9.9,0.0,5L,2026-01-01,2,64,11.6454,,UV/carton: 2 | Cartons/palette: 64 | Tarif UV: 11.6454
BIOLAUR-SP-2026-CORSE,SUP2DCV-5,12.5,0.0,5L,2026-01-01,2,64,15.9036,,UV/carton: 2 | Cartons/palette: 64 | Tarif UV: 15.9036
BIOLAUR-SP-2026-CORSE,SUP2DLA-5,12.5,0.0,5L,2026-01-01,2,64,15.9036,,UV/carton: 2 | Cartons/palette: 64 | Tarif UV: 15.9036
BIOLAUR-SP-2026-CORSE,SUP2DA-5,12.5,0.0,5L,2026-01-01,2,64,15.9036,,UV/carton: 2 | Cartons/palette: 64 | Tarif UV: 15.9036
BIOLAUR-SP-2026-CORSE,SUP2DF-5,12.5,0.0,5L,2026-01-01,2,64,15.9036,,UV/carton: 2 | Cartons/palette: 64 | Tarif UV: 15.9036
BIOLAUR-SP-2026-CORSE,SUP2DP-5,12.5,0.0,5L,2026-01-01,2,64,15.9036,,UV/carton: 2 | Cartons/palette: 64 | Tarif UV: 15.9036
BIOLAUR-SP-2026-CORSE,ACTTOI-5,34.26,0.0,5L,2026-01-01,2,64,52.7,,UV/carton: 2 | Cartons/palette: 64 | Tarif UV: 52.7000
BIOLAUR-SP-2026-CORSE,ACTTOI,11.47,0.0,1L,2026-01-01,6,90,17.65,,UV/carton: 6 | Cartons/palette: 90 | Tarif UV: 17.6500
BIOLAUR-SP-2026-CORSE,ACTTER-5,31.98,0.0,5L,2026-01-01,2,64,49.2,,UV/carton: 2 | Cartons/palette: 64 | Tarif UV: 49.2000
BIOLAUR-SP-2026-CORSE,ACTTER,9.26,0.0,1L,2026-01-01,6,90,14.25,,UV/carton: 6 | Cartons/palette: 90 | Tarif UV: 14.2500
BIOLAUR-SP-2026-CORSE,IO009,2.55,0.0,1L,2026-01-01,12,45,4.7162,,UV/carton: 12 | Cartons/palette: 45 | Tarif UV: 4.7162
BIOLAUR-SP-2026-CORSE,IO010,2.63,0.0,1L,2026-01-01,12,45,4.8734,,UV/carton: 12 | Cartons/palette: 45 | Tarif UV: 4.8734
BIOLAUR-SP-2026-CORSE,IO023,2.07,0.0,625ml,2026-01-01,16,60,3.8388,,UV/carton: 16 | Cartons/palette: 60 | Tarif UV: 3.8388
BIOLAUR-SP-2026-CORSE,IO045,2.8,0.0,625ml,2026-01-01,16,60,3.6158,,UV/carton: 16 | Cartons/palette: 60 | Tarif UV: 3.6158
BIOLAUR-SP-2026-CORSE,IOPRO033,2.5,0.0,750ml,2026-01-01,6,64,4.5031,,UV/carton: 6 | Cartons/palette: 64 | Tarif UV: 4.5031
BIOLAUR-SP-2026-CORSE,IOPRO033-5,10.25,0.0,5L,2026-01-01,2,64,11.2674,,UV/carton: 2 | Cartons/palette: 64 | Tarif UV: 11.2674
BIOLAUR-SP-2026-CORSE,CIM03,8.12,0.0,500ml,2026-01-01,6,120,15.0326,,UV/carton: 6 | Cartons/palette: 120 | Tarif UV: 15.0326
BIOLAUR-SP-2026-CORSE,CIM04,10.76,0.0,500ml,2026-01-01,6,120,19.9164,,UV/carton: 6 | Cartons/palette: 120 | Tarif UV: 19.9164
BIOLAUR-SP-2026-CORSE,C517,12.81,0.0,500ml,2026-01-01,6,120,23.0651,,UV/carton: 6 | Cartons/palette: 120 | Tarif UV: 23.0651
BIOLAUR-SP-2026-CORSE,C517-5,53.9,0.0,5L,2026-01-01,2,64,97.2282,,UV/carton: 2 | Cartons/palette: 64 | Tarif UV: 97.2282
BIOLAUR-SP-2026-CORSE,IO015,5.32,0.0,200ml,2026-01-01,12,104,9.8474,,UV/carton: 12 | Cartons/palette: 104 | Tarif UV: 9.8474
BIOLAUR-SP-2026-CORSE,IO018,6.46,0.0,500ml,2026-01-01,12,64,11.9477,,UV/carton: 12 | Cartons/palette: 64 | Tarif UV: 11.9477
BIOLAUR-SP-2026-CORSE,80104,5.96,0.0,500ml,2026-01-01,6,120,11.0325,,UV/carton: 6 | Cartons/palette: 120 | Tarif UV: 11.0325
BIOLAUR-SP-2026-CORSE,80101,5.96,0.0,500ml,2026-01-01,6,120,11.0325,,UV/carton: 6 | Cartons/palette: 120 | Tarif UV: 11.0325
BIOLAUR-SP-2026-CORSE,80102,5.96,0.0,500ml,2026-01-01,6,120,11.0325,,UV/carton: 6 | Cartons/palette: 120 | Tarif UV: 11.0325
BIOLAUR-SP-2026-CORSE,1794,2.85,0.0,375ml,2026-01-01,14,108,4.3872,,UV/carton: 14 | Cartons/palette: 108 | Tarif UV: 4.3872
BIOLAUR-SP-2026-CORSE,642,1.73,0.0,150gr,2026-01-01,12,210,3.1936,,UV/carton: 12 | Cartons/palette: 210 | Tarif UV: 3.1936
BIOLAUR-SP-2026-CORSE,641,1.73,0.0,150gr,2026-01-01,12,210,3.1936,,UV/carton: 12 | Cartons/palette: 210 | Tarif UV: 3.1936
BIOLAUR-SP-2026-CORSE,IO026,3.05,0.0,1L,2026-01-01,9,54,3.5485,,UV/carton: 9 | Cartons/palette: 54 | Tarif UV: 3.5485
BIOLAUR-SP-2026-CORSE,IOPRO032-5,11.15,0.0,5L,2026-01-01,2,128,12.7338,,UV/carton: 2 | Cartons/palette: 128 | Tarif UV: 12.7338
BIOLAUR-SP-2026-CORSE,IO041,3.05,0.0,1L,2026-01-01,9,54,3.5485,,UV/carton: 9 | Cartons/palette: 54 | Tarif UV: 3.5485
BIOLAUR-SP-2026-CORSE,IO027,3.05,0.0,1L,2026-01-01,9,54,3.5485,,UV/carton: 9 | Cartons/palette: 54 | Tarif UV: 3.5485
BIOLAUR-SP-2026-CORSE,IO040,1.9,0.0,500ml,2026-01-01,6,186,2.5484,,UV/carton: 6 | Cartons/palette: 186 | Tarif UV: 2.5484
BIOLAUR-SP-2026-CORSE,IO028,1.9,0.0,500ml,2026-01-01,6,186,2.5484,,UV/carton: 6 | Cartons/palette: 186 | Tarif UV: 2.5484
BIOLAUR-SP-2026-CORSE,IO039,1.9,0.0,500ml,2026-01-01,6,186,2.5484,,UV/carton: 6 | Cartons/palette: 186 | Tarif UV: 2.5484
BIOLAUR-SP-2026-CORSE,IO029,1.95,0.0,500ml,2026-01-01,12,65,3.613,,UV/carton: 12 | Cartons/palette: 65 | Tarif UV: 3.6130
BIOLAUR-SP-2026-CORSE,IOPRO020,5.3,0.0,1L,2026-01-01,6,64,9.5486,,UV/carton: 6 | Cartons/palette: 64 | Tarif UV: 9.5486
BIOLAUR-SP-2026-CORSE,IOPRO027,24.65,0.0,5L,2026-01-01,2,64,59.1727,,UV/carton: 2 | Cartons/palette: 64 | Tarif UV: 59.1727
BIOLAUR-SP-2026-CORSE,IOPRO022,7.25,0.0,1L,2026-01-01,6,64,21.2908,,UV/carton: 6 | Cartons/palette: 64 | Tarif UV: 21.2908
BIOLAUR-SP-2026-CORSE,IOPRO024,17.0,0.0,5L,2026-01-01,2,64,28.6781,,UV/carton: 2 | Cartons/palette: 64 | Tarif UV: 28.6781
BIOLAUR-SP-2026-CORSE,IOPRO025,67.07,0.0,20L,2026-01-01,1,24,107.7739,,UV/carton: 1 | Cartons/palette: 24 | Tarif UV: 107.7739
BIOLAUR-SP-2026-CORSE,IOPRO026,18.7,0.0,5L,2026-01-01,2,64,44.8721,,UV/carton: 2 | Cartons/palette: 64 | Tarif UV: 44.8721
BIOLAUR-SP-2026-CORSE,IOPRO026-20,59.96,0.0,20L,2026-01-01,1,24,90.5254,,UV/carton: 1 | Cartons/palette: 24 | Tarif UV: 90.5254
BIOLAUR-SP-2026-CORSE,ACT2002-5,29.98,0.0,5L,2026-01-01,2,64,44.5172,,UV/carton: 2 | Cartons/palette: 64 | Tarif UV: 44.5172
BIOLAUR-SP-2026-CORSE,IO011,3.5,0.0,625ml,2026-01-01,16,60,4.2582,,UV/carton: 16 | Cartons/palette: 60 | Tarif UV: 4.2582
BIOLAUR-SP-2026-CORSE,IOPRO012,5.49,0.0,500ml,2026-01-01,6,96,10.1615,,UV/carton: 6 | Cartons/palette: 96 | Tarif UV: 10.1615
BIOLAUR-SP-2026-CORSE,IOPRO012-5,11.73,0.0,5L,2026-01-01,2,64,21.7102,,UV/carton: 2 | Cartons/palette: 64 | Tarif UV: 21.7102
BIOLAUR-SP-2026-CORSE,IOPRO028-750,4.99,0.0,750ml,2026-01-01,6,64,9.2438,,UV/carton: 6 | Cartons/palette: 64 | Tarif UV: 9.2438
BIOLAUR-SP-2026-CORSE,IOPRO028,18.5,0.0,5L,2026-01-01,2,64,32.2589,,UV/carton: 2 | Cartons/palette: 64 | Tarif UV: 32.2589
BIOLAUR-SP-2026-CORSE,IOPRO021,15.88,0.0,5L,2026-01-01,2,64,38.8719,,UV/carton: 2 | Cartons/palette: 64 | Tarif UV: 38.8719
BIOLAUR-SP-2026-CORSE,IO006,3.9,0.0,750mL,2026-01-01,6,100,6.6131,,UV/carton: 6 | Cartons/palette: 100 | Tarif UV: 6.6131
BIOLAUR-SP-2026-CORSE,IOPRO031,9.24,0.0,1L,2026-01-01,6,64,17.0972,,UV/carton: 6 | Cartons/palette: 64 | Tarif UV: 17.0972
BIOLAUR-SP-2026-CORSE,IOPRO014,7.98,0.0,750ml,2026-01-01,6,100,14.7746,,UV/carton: 6 | Cartons/palette: 100 | Tarif UV: 14.7746
BIOLAUR-SP-2026-CORSE,IOPRO017,5.58,0.0,500ml,2026-01-01,6,96,10.3228,,UV/carton: 6 | Cartons/palette: 96 | Tarif UV: 10.3228
BIOLAUR-SP-2026-CORSE,IOPRO017-5,15.5,0.0,5L,2026-01-01,2,64,21.7747,,UV/carton: 2 | Cartons/palette: 64 | Tarif UV: 21.7747
BIOLAUR-SP-2026-CORSE,IOPRO023,6.24,0.0,750ml,2026-01-01,6,64,11.5487,,UV/carton: 6 | Cartons/palette: 64 | Tarif UV: 11.5487
BIOLAUR-SP-2026-CORSE,CREMARGMET,3.75,0.0,250ml,2026-01-01,12,168,4.2819,,UV/carton: 12 | Cartons/palette: 168 | Tarif UV: 4.2819
BIOLAUR-SP-2026-CORSE,PIERRENET,9.05,0.0,300gr,2026-01-01,12,62,10.3377,,UV/carton: 12 | Cartons/palette: 62 | Tarif UV: 10.3377
BIOLAUR-SP-2026-CORSE,LES 7500,15.52,0.0,1L,2026-01-01,6,80,32.6137,,UV/carton: 6 | Cartons/palette: 80 | Tarif UV: 32.6137
BIOLAUR-SP-2026-CORSE,LES 7503,51.53,0.0,5L,2026-01-01,2,64,108.2285,,UV/carton: 2 | Cartons/palette: 64 | Tarif UV: 108.2285
BIOLAUR-SP-2026-CORSE,ACT1129-5,39.96,0.0,5L,2026-01-01,2,64,61.3563,,UV/carton: 2 | Cartons/palette: 64 | Tarif UV: 61.3563
BIOLAUR-SP-2026-CORSE,1105,3.16,0.0,500ml,2026-01-01,12,117,6.3205,,UV/carton: 12 | Cartons/palette: 117 | Tarif UV: 6.3205
BIOLAUR-SP-2026-CORSE,1107,3.16,0.0,500ml,2026-01-01,12,117,6.3205,,UV/carton: 12 | Cartons/palette: 117 | Tarif UV: 6.3205
BIOLAUR-SP-2026-CORSE,1108,3.16,0.0,500ml,2026-01-01,12,117,6.3205,,UV/carton: 12 | Cartons/palette: 117 | Tarif UV: 6.3205
BIOLAUR-SP-2026-CORSE,1109,3.16,0.0,500ml,2026-01-01,12,117,6.3205,,UV/carton: 12 | Cartons/palette: 117 | Tarif UV: 6.3205
BIOLAUR-SP-2026-CORSE,SHKERA,1.95,0.0,270ML,2026-01-01,12,147,3.9,,UV/carton: 12 | Cartons/palette: 147 | Tarif UV: 3.9000
BIOLAUR-SP-2026-CORSE,SHGRAS,1.95,0.0,270ML,2026-01-01,12,147,3.9,,UV/carton: 12 | Cartons/palette: 147 | Tarif UV: 3.9000
BIOLAUR-SP-2026-CORSE,SHFINS,1.95,0.0,270ML,2026-01-01,12,147,3.9,,UV/carton: 12 | Cartons/palette: 147 | Tarif UV: 3.9000
BIOLAUR-SP-2026-CORSE,SHABIM,1.95,0.0,270ML,2026-01-01,12,147,3.9,,UV/carton: 12 | Cartons/palette: 147 | Tarif UV: 3.9000
BIOLAUR-SP-2026-CORSE,GELDOUROSE,3.99,0.0,"1,250 L",2026-01-01,8,70,7.98,,UV/carton: 8 | Cartons/palette: 70 | Tarif UV: 7.9800
BIOLAUR-SP-2026-CORSE,GELDOUTRAD,3.99,0.0,"1,250 L",2026-01-01,8,70,7.98,,UV/carton: 8 | Cartons/palette: 70 | Tarif UV: 7.9800
BIOLAUR-SP-2026-CORSE,GELDOUSENS,3.99,0.0,"1,250 L",2026-01-01,8,70,7.98,,UV/carton: 8 | Cartons/palette: 70 | Tarif UV: 7.9800
BIOLAUR-SP-2026-CORSE,GELDOUCLAS,3.99,0.0,"1,250 L",2026-01-01,8,70,7.98,,UV/carton: 8 | Cartons/palette: 70 | Tarif UV: 7.9800
BIOLAUR-SP-2026-CORSE,BIO1103,15.6,0.0,1L,2026-01-01,6,90,21.0328,,UV/carton: 6 | Cartons/palette: 90 | Tarif UV: 21.0328
BIOLAUR-SP-2026-CORSE,BIO1103-TM,15.6,0.0,1L,2026-01-01,6,90,21.0328,,UV/carton: 6 | Cartons/palette: 90 | Tarif UV: 21.0328
BIOLAUR-SP-2026-CORSE,BIO1103-5,60.91,0.0,5L,2026-01-01,2,64,82.2278,,UV/carton: 2 | Cartons/palette: 64 | Tarif UV: 82.2278
BIOLAUR-SP-2026-CORSE,BIO1103-5TM,60.91,0.0,5L,2026-01-01,2,64,82.2278,,UV/carton: 2 | Cartons/palette: 64 | Tarif UV: 82.2278
BIOLAUR-SP-2026-CORSE,IOPRO029,5.23,0.0,750ml,2026-01-01,6,64,9.6777,,UV/carton: 6 | Cartons/palette: 64 | Tarif UV: 9.6777
BIOLAUR-SP-2026-CORSE,IOPRO029-5,20.92,0.0,5L,2026-01-01,2,64,38.7106,,UV/carton: 2 | Cartons/palette: 64 | Tarif UV: 38.7106
BIOLAUR-SP-2026-CORSE,IO024,2.6,0.0,625ml,2026-01-01,16,60,4.8066,,UV/carton: 16 | Cartons/palette: 60 | Tarif UV: 4.8066
BIOLAUR-SP-2026-CORSE,IO020,3.8,0.0,625ml,2026-01-01,16,60,4.3872,,UV/carton: 16 | Cartons/palette: 60 | Tarif UV: 4.3872
BIOLAUR-SP-2026-CORSE,ACT1103,27.38,0.0,750 gr,2026-01-01,6,80,49.098,,UV/carton: 6 | Cartons/palette: 80 | Tarif UV: 49.0980
BIOLAUR-SP-2026-CORSE,IO037,3.2,0.0,750ml,2026-01-01,16,45,3.7098,,UV/carton: 16 | Cartons/palette: 45 | Tarif UV: 3.7098
BIOLAUR-SP-2026-CORSE,IO038,3.2,0.0,750ml,2026-01-01,16,45,3.7098,,UV/carton: 16 | Cartons/palette: 45 | Tarif UV: 3.7098
BIOLAUR-SP-2026-CORSE,IO036,3.2,0.0,750ml,2026-01-01,16,45,3.8065,,UV/carton: 16 | Cartons/palette: 45 | Tarif UV: 3.8065
BIOLAUR-SP-2026-CORSE,1529,2.7,0.0,2x55g,2026-01-01,10,100,5.0001,,UV/carton: 10 | Cartons/palette: 100 | Tarif UV: 5.0001
BIOLAUR-SP-2026-CORSE,593,2.21,0.0,2x40g,2026-01-01,12,120,4.0969,,UV/carton: 12 | Cartons/palette: 120 | Tarif UV: 4.0969
BIOLAUR-SP-2026-CORSE,LES7605,5.49,0.0,pièce,2026-01-01,12,,10.1615,,UV/carton: 12 | Tarif UV: 10.1615
BIOLAUR-SP-2026-CORSE,LES7600,3.77,0.0,pièce,2026-01-01,12,,6.9679,,UV/carton: 12 | Tarif UV: 6.9679
BIOLAUR-SP-2026-CORSE,53900,7.08,0.0,1L,2026-01-01,6,80,13.0971,,UV/carton: 6 | Cartons/palette: 80 | Tarif UV: 13.0971
BIOLAUR-SP-2026-CORSE,53600,6.36,0.0,1L,2026-01-01,6,80,11.7745,,UV/carton: 6 | Cartons/palette: 80 | Tarif UV: 11.7745
BIOLAUR-SP-2026-CORSE,IO022,4.3,0.0,1L,2026-01-01,12,50,6.2905,,UV/carton: 12 | Cartons/palette: 50 | Tarif UV: 6.2905
BIOLAUR-SP-2026-CORSE,53100,6.0,0.0,1 Kg,2026-01-01,12,50,11.097,,UV/carton: 12 | Cartons/palette: 50 | Tarif UV: 11.0970
BIOLAUR-SP-2026-CORSE,53750,4.71,0.0,750gr,2026-01-01,12,36,8.7099,,UV/carton: 12 | Cartons/palette: 36 | Tarif UV: 8.7099
BIOLAUR-SP-2026-CORSE,CIM07,4.8,0.0,500ml,2026-01-01,6,120,5.47,,UV/carton: 6 | Cartons/palette: 120 | Tarif UV: 5.4700
BIOLAUR-SP-2026-CORSE,160,2.04,0.0,rouleau,2026-01-01,25,78,2.32,,UV/carton: 25 | Cartons/palette: 78 | Tarif UV: 2.3200
BIOLAUR-SP-2026-CORSE,164,2.55,0.0,rouleau,2026-01-01,28,78,2.9,,UV/carton: 28 | Cartons/palette: 78 | Tarif UV: 2.9000
BIOLAUR-SP-2026-CORSE,159,1.79,0.0,rouleau,2026-01-01,20,78,2.04,,UV/carton: 20 | Cartons/palette: 78 | Tarif UV: 2.0400
BIOLAUR-SP-2026-CORSE,IO044,8.9,0.0,3L,2026-01-01,4,50,10.1293,,UV/carton: 4 | Cartons/palette: 50 | Tarif UV: 10.1293
BIOLAUR-SP-2026-CORSE,LESSMA-5,20.09,0.0,5L,2026-01-01,4,36,22.9388,,UV/carton: 4 | Cartons/palette: 36 | Tarif UV: 22.9388
BIOLAUR-SP-2026-CORSE,LESSAV-5,20.09,0.0,5L,2026-01-01,4,36,22.9388,,UV/carton: 4 | Cartons/palette: 36 | Tarif UV: 22.9388
BIOLAUR-SP-2026-CORSE,IO019,3.5,0.0,1L,2026-01-01,12,45,4.2582,,UV/carton: 12 | Cartons/palette: 45 | Tarif UV: 4.2582
BIOLAUR-SP-2026-CORSE,IO014,3.5,0.0,1L,2026-01-01,12,45,3.4517,,UV/carton: 12 | Cartons/palette: 45 | Tarif UV: 3.4517
BIOLAUR-SP-2026-CORSE,IO012,2.9,0.0,625ml,2026-01-01,16,60,4.3872,,UV/carton: 16 | Cartons/palette: 60 | Tarif UV: 4.3872
BIOLAUR-SP-2026-CORSE,IO013,2.9,0.0,625ml,2026-01-01,16,60,4.3872,,UV/carton: 16 | Cartons/palette: 60 | Tarif UV: 4.3872
BIOLAUR-SP-2026-CORSE,UACLIP-AS,4.51,0.0,l'unité,2026-01-01,12,48,8.3534,,UV/carton: 12 | Cartons/palette: 48 | Tarif UV: 8.3534
BIOLAUR-SP-2026-CORSE,UACLIP-FS,4.51,0.0,l'unité,2026-01-01,12,48,8.3534,,UV/carton: 12 | Cartons/palette: 48 | Tarif UV: 8.3534
BIOLAUR-SP-2026-CORSE,UACLIP-TM,4.51,0.0,l'unité,2026-01-01,12,48,8.3534,,UV/carton: 12 | Cartons/palette: 48 | Tarif UV: 8.3534
BIOLAUR-SP-2026-CORSE,UACLIP-SL,4.51,0.0,l'unité,2026-01-01,12,48,8.3534,,UV/carton: 12 | Cartons/palette: 48 | Tarif UV: 8.3534
BIOLAUR-SP-2026-CORSE,UAH-AS,3.13,0.0,l'unité,2026-01-01,12,48,5.7905,,UV/carton: 12 | Cartons/palette: 48 | Tarif UV: 5.7905
BIOLAUR-SP-2026-CORSE,UAH-TM,3.13,0.0,l'unité,2026-01-01,12,48,5.7905,,UV/carton: 12 | Cartons/palette: 48 | Tarif UV: 5.7905
BIOLAUR-SP-2026-CORSE,UAH-M,3.13,0.0,l'unité,2026-01-01,12,48,5.7905,,UV/carton: 12 | Cartons/palette: 48 | Tarif UV: 5.7905
BIOLAUR-SP-2026-CORSE,UAH-SL,3.13,0.0,l'unité,2026-01-01,12,48,5.7905,,UV/carton: 12 | Cartons/palette: 48 | Tarif UV: 5.7905
BIOLAUR-SP-2026-CORSE,UARF-CAB,5.98,0.0,l'unité,2026-01-01,12,48,11.0746,,UV/carton: 12 | Cartons/palette: 48 | Tarif UV: 11.0746
BIOLAUR-SP-2026-CORSE,UARF-AS,6.75,0.0,l'unité,2026-01-01,6,48,12.4985,,UV/carton: 6 | Cartons/palette: 48 | Tarif UV: 12.4985
BIOLAUR-SP-2026-CORSE,UARF-TM,6.75,0.0,l'unité,2026-01-01,6,48,12.4985,,UV/carton: 6 | Cartons/palette: 48 | Tarif UV: 12.4985
BIOLAUR-SP-2026-CORSE,UARF-SL,6.75,0.0,l'unité,2026-01-01,6,48,12.4985,,UV/carton: 6 | Cartons/palette: 48 | Tarif UV: 12.4985
BIOLAUR-SP-2026-CORSE,UA2-TM,9.58,0.0,l'unité,2026-01-01,10,48,8.8597,,UV/carton: 10 | Cartons/palette: 48 | Tarif UV: 8.8597
BIOLAUR-SP-2026-CORSE,UA2-CM,9.58,0.0,l'unité,2026-01-01,10,48,8.8597,,UV/carton: 10 | Cartons/palette: 48 | Tarif UV: 8.8597
BIOLAUR-SP-2026-CORSE,UA2-SL,9.58,0.0,l'unité,2026-01-01,10,48,8.8597,,UV/carton: 10 | Cartons/palette: 48 | Tarif UV: 8.8597
BIOLAUR-SP-2026-CORSE,NIL 4609,6.83,0.0,15 ml,2026-01-01,12,,12.2906,,UV/carton: 12 | Tarif UV: 12.2906
BIOLAUR-SP-2026-CORSE,NIL4921O,24.5,0.0,1L Doseur,2026-01-01,6,90,36.7751,,UV/carton: 6 | Cartons/palette: 90 | Tarif UV: 36.7751
BIOLAUR-SP-2026-CORSE,NIL4921T,24.5,0.0,1L Doseur,2026-01-01,6,90,36.7751,,UV/carton: 6 | Cartons/palette: 90 | Tarif UV: 36.7751
BIOLAUR-SP-2026-CORSE,NIL4921-5O,94.0,0.0,5L,2026-01-01,2,64,141.1002,,UV/carton: 2 | Cartons/palette: 64 | Tarif UV: 141.1002
BIOLAUR-SP-2026-CORSE,NIL4921-5T,94.0,0.0,5L,2026-01-01,2,64,141.1002,,UV/carton: 2 | Cartons/palette: 64 | Tarif UV: 141.1002
BIOLAUR-SP-2026-CORSE,NIL4913,6.02,0.0,200 ml,2026-01-01,12,48,9.0325,,UV/carton: 12 | Cartons/palette: 48 | Tarif UV: 9.0325
BIOLAUR-SP-2026-CORSE,NIL4913S,6.02,0.0,200 ml,2026-01-01,12,48,9.0325,,UV/carton: 12 | Cartons/palette: 48 | Tarif UV: 9.0325
BIOLAUR-SP-2026-CORSE,NIL 4912,11.05,0.0,500ml,2026-01-01,12,120,16.5811,,UV/carton: 12 | Cartons/palette: 120 | Tarif UV: 16.5811
BIOLAUR-SP-2026-CORSE,AS00302,23.18,0.0,l'unité,2026-01-01,8,100,34.775,,UV/carton: 8 | Cartons/palette: 100 | Tarif UV: 34.7750
BIOLAUR-SP-2026-CORSE,LES 7504,10.32,0.0,311gr,2026-01-01,12,150,15.4843,,UV/carton: 12 | Cartons/palette: 150 | Tarif UV: 15.4843
BIOLAUR-SP-2026-CORSE,LES 7506,19.35,0.0,l'unité,2026-01-01,6,150,29.033,,UV/carton: 6 | Cartons/palette: 150 | Tarif UV: 29.0330
BIOLAUR-SP-2026-CORSE,MINI-SOK,35.61,0.0,la  sock,2026-01-01,24,40,53.4207,,UV/carton: 24 | Cartons/palette: 40 | Tarif UV: 53.4207
BIOLAUR-SP-2026-CORSE,CTMINI,35.61,0.0,la  sock,2026-01-01,24,40,53.4207,,UV/carton: 24 | Cartons/palette: 40 | Tarif UV: 53.4207
BIOLAUR-SP-2026-CORSE,CT-SOK,80.45,0.0,la  sock,2026-01-01,4,40,120.6804,,UV/carton: 4 | Cartons/palette: 40 | Tarif UV: 120.6804
BIOLAUR-SP-2026-CORSE,OR-SOK,80.45,0.0,la  sock,2026-01-01,4,40,120.6804,,UV/carton: 4 | Cartons/palette: 40 | Tarif UV: 120.6804
BIOLAUR-SP-2026-CORSE,41,2.5,0.0,1L,2026-01-01,12,48,4.363,,UV/carton: 12 | Cartons/palette: 48 | Tarif UV: 4.3630
BIOLAUR-SP-2026-CORSE,42,4.2,0.0,2L,2026-01-01,6,50,7.3299,,UV/carton: 6 | Cartons/palette: 50 | Tarif UV: 7.3299
BIOLAUR-SP-2026-CORSE,43,8.9,0.0,5L,2026-01-01,3,48,15.5324,,UV/carton: 3 | Cartons/palette: 48 | Tarif UV: 15.5324
BIOLAUR-SP-2026-CORSE,44,4.5,0.0,2L,2026-01-01,6,50,7.8535,,UV/carton: 6 | Cartons/palette: 50 | Tarif UV: 7.8535
BIOLAUR-SP-2026-CORSE,871,4.5,0.0,2L,2026-01-01,6,50,7.8535,,UV/carton: 6 | Cartons/palette: 50 | Tarif UV: 7.8535
BIOLAUR-SP-2026-CORSE,45,12.8,0.0,5L,2026-01-01,3,48,22.3388,,UV/carton: 3 | Cartons/palette: 48 | Tarif UV: 22.3388
BIOLAUR-SP-2026-CORSE,49,45.0,0.0,20L,2026-01-01,1,28,78.5348,,UV/carton: 1 | Cartons/palette: 28 | Tarif UV: 78.5348
BIOLAUR-SP-2026-CORSE,50,51.9,0.0,20L,2026-01-01,1,30,90.5768,,UV/carton: 1 | Cartons/palette: 30 | Tarif UV: 90.5768
BIOLAUR-SP-2026-CORSE,39,5.8,0.0,L'unité,2026-01-01,12,72,10.1223,,UV/carton: 12 | Cartons/palette: 72 | Tarif UV: 10.1223
BIOLAUR-SP-2026-CORSE,1071CB,3.5,0.0,1L,2026-01-01,12,60,4.569,,UV/carton: 12 | Cartons/palette: 60 | Tarif UV: 4.5690
BIOLAUR-SP-2026-CORSE,1076CB,15.0,0.0,5L,2026-01-01,3,60,18.9285,,UV/carton: 3 | Cartons/palette: 60 | Tarif UV: 18.9285
BIOLAUR-SP-2026-CORSE,1078CB,60.0,0.0,20L,2026-01-01,1,30,57.6944,,UV/carton: 1 | Cartons/palette: 30 | Tarif UV: 57.6944
BIOLAUR-SP-2026-CORSE,219,8.8,0.0,5L,2026-01-01,3,48,6.4534,,UV/carton: 3 | Cartons/palette: 48 | Tarif UV: 6.4534
BIOLAUR-SP-2026-CORSE,229,39.0,0.0,20L,2026-01-01,1,30,30.9214,,UV/carton: 1 | Cartons/palette: 30 | Tarif UV: 30.9214
BIOLAUR-SP-2026-CORSE,JABSO05,4.34,0.0,500gr,2026-01-01,6,120,8.0325,,UV/carton: 6 | Cartons/palette: 120 | Tarif UV: 8.0325
BIOLAUR-SP-2026-CORSE,IO047,3.28,0.0,1L,2026-01-01,10,60,6.0682,,UV/carton: 10 | Cartons/palette: 60 | Tarif UV: 6.0682
BIOLAUR-SP-2026-CORSE,48,4.39,0.0,1L,2026-01-01,6,105,8.1292,,UV/carton: 6 | Cartons/palette: 105 | Tarif UV: 8.1292
BIOLAUR-SP-2026-CORSE,221,3.2,0.0,1L,2026-01-01,12,55,3.742,,UV/carton: 12 | Cartons/palette: 55 | Tarif UV: 3.7420
BIOLAUR-SP-2026-CORSE,1531,12.5,0.0,5L,2026-01-01,3,55,14.0326,,UV/carton: 3 | Cartons/palette: 55 | Tarif UV: 14.0326
BIOLAUR-SP-2026-CORSE,214,4.86,0.0,1L,2026-01-01,12,54,9.0002,,UV/carton: 12 | Cartons/palette: 54 | Tarif UV: 9.0002
BIOLAUR-SP-2026-CORSE,215,23.0,0.0,5L,2026-01-01,4,32,40.3236,,UV/carton: 4 | Cartons/palette: 32 | Tarif UV: 40.3236
BIOLAUR-SP-2026-CORSE,216,3.8,0.0,1L,2026-01-01,6,96,5.8066,,UV/carton: 6 | Cartons/palette: 96 | Tarif UV: 5.8066
BIOLAUR-SP-2026-CORSE,1077,4.2,0.0,"1,5L",2026-01-01,8,60,4.4018,,UV/carton: 8 | Cartons/palette: 60 | Tarif UV: 4.4018
BIOLAUR-SP-2026-CORSE,220,4.74,0.0,1L,2026-01-01,6,105,8.7744,,UV/carton: 6 | Cartons/palette: 105 | Tarif UV: 8.7744
BIOLAUR-SP-2026-CORSE,BJG6137,6.94,0.0,500ml,2026-01-01,6,120,12.8466,,UV/carton: 6 | Cartons/palette: 120 | Tarif UV: 12.8466
BIOLAUR-SP-2026-CORSE,BJG6137-5,40.96,0.0,5L,2026-01-01,2,64,75.7822,,UV/carton: 2 | Cartons/palette: 64 | Tarif UV: 75.7822
BIOLAUR-SP-2026-CORSE,BJG6132,6.89,0.0,500ml,2026-01-01,6,120,12.7517,,UV/carton: 6 | Cartons/palette: 120 | Tarif UV: 12.7517
BIOLAUR-SP-2026-CORSE,BJG6136,39.03,0.0,5L,2026-01-01,2,64,72.2067,,UV/carton: 2 | Cartons/palette: 64 | Tarif UV: 72.2067
BIOLAUR-SP-2026-CORSE,231,1.66,0.0,L'unité,2026-01-01,24,72,3.0693,,UV/carton: 24 | Cartons/palette: 72 | Tarif UV: 3.0693
BIOLAUR-SP-2026-CORSE,1558,4.98,0.0,L'unité,2026-01-01,12,48,9.2078,,UV/carton: 12 | Cartons/palette: 48 | Tarif UV: 9.2078
BIOLAUR-SP-2026-CORSE,1560,2.26,0.0,L'unité,2026-01-01,24,96,4.1767,,UV/carton: 24 | Cartons/palette: 96 | Tarif UV: 4.1767
BIOLAUR-SP-2026-CORSE,1559,2.26,0.0,L'unité,2026-01-01,24,84,4.1767,,UV/carton: 24 | Cartons/palette: 84 | Tarif UV: 4.1767
BIOLAUR-SP-2026-CORSE,BEN030,4.26,0.0,L'unité,2026-01-01,12,63,4.86,,UV/carton: 12 | Cartons/palette: 63 | Tarif UV: 4.8600
BIOLAUR-SP-2026-CORSE,1855,5.83,0.0,L'unité,2026-01-01,14,160,7.53,,UV/carton: 14 | Cartons/palette: 160 | Tarif UV: 7.5300
BIOLAUR-SP-2026-CORSE,XONMITLAV,3.31,0.0,L'unité,2026-01-01,14,160,3.7768,,UV/carton: 14 | Cartons/palette: 160 | Tarif UV: 3.7768
BIOLAUR-SP-2026-CORSE,1114,4.84,0.0,L'unité,2026-01-01,14,,8.9546,,UV/carton: 14 | Tarif UV: 8.9546
BIOLAUR-SP-2026-CORSE,XONTAPMOU,43.39,0.0,Présentoir,2026-01-01,36,,49.5477,,UV/carton: 36 | Tarif UV: 49.5477
BIOLAUR-SP-2026-CORSE,BJG6138,7.61,0.0,500ml,2026-01-01,6,120,14.0806,,UV/carton: 6 | Cartons/palette: 120 | Tarif UV: 14.0806
BIOLAUR-SP-2026-CORSE,IO016,3.84,0.0,500ml,2026-01-01,6,120,7.1111,,UV/carton: 6 | Cartons/palette: 120 | Tarif UV: 7.1111
BIOLAUR-SP-2026-CORSE,BEN032,5.04,0.0,L'unité,2026-01-01,12,63,5.76,,UV/carton: 12 | Cartons/palette: 63 | Tarif UV: 5.7600
BIOLAUR-SP-2026-CORSE,891,6.8,0.0,200gr,2026-01-01,12,152,12.581,,UV/carton: 12 | Cartons/palette: 152 | Tarif UV: 12.5810
BIOLAUR-SP-2026-CORSE,1852,4.48,0.0,10gr,2026-01-01,14,,4.65,,UV/carton: 14 | Tarif UV: 4.6500
BIOLAUR-SP-2026-CORSE,1857,6.69,0.0,30gr,2026-01-01,24,,12.3874,,UV/carton: 24 | Tarif UV: 12.3874
BIOLAUR-SP-2026-CORSE,1866,5.2,0.0,25gr,2026-01-01,10,,9.6131,,UV/carton: 10 | Tarif UV: 9.6131
BIOLAUR-SP-2026-CORSE,1821,5.81,0.0,Unité,2026-01-01,14,,8.52,,UV/carton: 14 | Tarif UV: 8.5200
BIOLAUR-SP-2026-CORSE,589,5.07,0.0,L'unité,2026-01-01,12,,9.3873,,UV/carton: 12 | Tarif UV: 9.3873
BIOLAUR-SP-2026-CORSE,336,4.93,0.0,135gr,2026-01-01,25,,9.1293,,UV/carton: 25 | Tarif UV: 9.1293
BIOLAUR-SP-2026-CORSE,1614,1.94,0.0,L'unité,2026-01-01,30,,3.5807,,UV/carton: 30 | Tarif UV: 3.5807
BIOLAUR-SP-2026-CORSE,410,3.91,0.0,L'unité,2026-01-01,10,,7.226,,UV/carton: 10 | Tarif UV: 7.2260
BIOLAUR-SP-2026-CORSE,1082,12.78,0.0,L'unité,2026-01-01,4,,23.6457,,UV/carton: 4 | Tarif UV: 23.6457
BIOLAUR-SP-2026-CORSE,1066,3.99,0.0,150gr,2026-01-01,12,,7.3873,,UV/carton: 12 | Tarif UV: 7.3873
BIOLAUR-SP-2026-CORSE,1124,4.08,0.0,150gr,2026-01-01,12,,7.5486,,UV/carton: 12 | Tarif UV: 7.5486
BIOLAUR-SP-2026-CORSE,1574,10.09,0.0,280gr,2026-01-01,12,,18.6779,,UV/carton: 12 | Tarif UV: 18.6779
BIOLAUR-SP-2026-CORSE,1590,4.17,0.0,150gr,2026-01-01,12,,7.7099,,UV/carton: 12 | Tarif UV: 7.7099
BIOLAUR-SP-2026-CORSE,590,7.3,0.0,L'unité,2026-01-01,12,,13.5165,,UV/carton: 12 | Tarif UV: 13.5165
BIOLAUR-SP-2026-CORSE,378,1.94,0.0,L'unité,2026-01-01,12,,3.5807,,UV/carton: 12 | Tarif UV: 3.5807
BIOLAUR-SP-2026-CORSE,377,0.75,0.0,L'unité,2026-01-01,50,,1.3871,,UV/carton: 50 | Tarif UV: 1.3871
BIOLAUR-SP-2026-CORSE,1616,2.34,0.0,L'unité,2026-01-01,15,,4.3227,,UV/carton: 15 | Tarif UV: 4.3227
BIOLAUR-SP-2026-CORSE,1106,4.01,0.0,L'unité,2026-01-01,10,,7.4195,,UV/carton: 10 | Tarif UV: 7.4195
BIOLAUR-SP-2026-CORSE,628,3.75,0.0,L'unité,2026-01-01,12,,6.9357,,UV/carton: 12 | Tarif UV: 6.9357
BIOLAUR-SP-2026-CORSE,4728,16.1,0.0,l'unité,2026-01-01,40,,32.2,0.08,UV/carton: 40 | Tarif UV: 32.2000 | Ecotaxe: 0.08 EUR
BIOLAUR-SP-2026-CORSE,4749,22.27,0.0,l'unité,2026-01-01,10,,44.54,0.08,UV/carton: 10 | Tarif UV: 44.5400 | Ecotaxe: 0.08 EUR
BIOLAUR-SP-2026-CORSE,4717,26.75,0.0,l'unité,2026-01-01,24,,53.5,0.08,UV/carton: 24 | Tarif UV: 53.5000 | Ecotaxe: 0.08 EUR
BIOLAUR-SP-2026-CORSE,5512,46.6,0.0,l'unité,2026-01-01,5,,93.2,0.08,UV/carton: 5 | Tarif UV: 93.2000 | Ecotaxe: 0.08 EUR
BIOLAUR-SP-2026-CORSE,0992.5,2.3,0.0,l'unité,2026-01-01,12,,4.6,,UV/carton: 12 | Tarif UV: 4.6000
BIOLAUR-SP-2026-CORSE,4857.5,324.0,0.0,l'unité,2026-01-01,10,,648.0,0.12,UV/carton: 10 | Tarif UV: 648.0000 | Ecotaxe: 0.12 EUR
BIOLAUR-SP-2026-CORSE,4853,28.28,0.0,l'unité,2026-01-01,15,,56.56,,UV/carton: 15 | Tarif UV: 56.5600
BIOLAUR-SP-2026-CORSE,4852,20.77,0.0,l'unité,2026-01-01,8,,41.54,0.08,UV/carton: 8 | Tarif UV: 41.5400 | Ecotaxe: 0.08 EUR
BIOLAUR-SP-2026-CORSE,3023,48.0,0.0,l'unité,2026-01-01,3,,96.0,0.12,UV/carton: 3 | Tarif UV: 96.0000 | Ecotaxe: 0.12 EUR
BIOLAUR-SP-2026-CORSE,4797,22.94,0.0,l'unité,2026-01-01,1,,45.88,0.12,UV/carton: 1 | Tarif UV: 45.8800 | Ecotaxe: 0.12 EUR
BIOLAUR-SP-2026-CORSE,4798,174.64,0.0,l'unité,2026-01-01,1,,349.28,0.25,UV/carton: 1 | Tarif UV: 349.2800 | Ecotaxe: 0.25 EUR
