reference,code,name,brand,range_name,major_category,major_slug,subcategory,subcategory_slug,packaging,unit,vat_rate,notes
SUP3DN750,SUP3DN750,SUPER 3D NEUTRE 750 ml,SUPER 3D,SUPER 3D,SOLS & SURFACES,sols-surfaces,Détergents désinfectants de surfaces Multi-usage Neutre,detergents-desinfectants-de-surfaces-multi-usage-neutre,750ml,750ml,20.0,
SUP3DN-5,SUP3DN-5,SUPER 3D NEUTRE 5L,SUPER 3D,SUPER 3D,SOLS & SURFACES,sols-surfaces,Détergents désinfectants de surfaces Multi-usage Neutre,detergents-desinfectants-de-surfaces-multi-usage-neutre,5L,5L,20.0,
SUP3DN2-5,SUP3DN2-5,SUPER 3D NEUTRE CONCENTRE 5L,SUPER 3D,SUPER 3D,SOLS & SURFACES,sols-surfaces,Détergents désinfectants de surfaces Multi-usage Neutre,detergents-desinfectants-de-surfaces-multi-usage-neutre,5L,5L,20.0,
SUP3DNM-5,SUP3DNM-5,SUPER 3D MEDICAL NEUTRE 5L,SUPER 3D,SUPER 3D,SOLS & SURFACES,sols-surfaces,Détergents désinfectants de surfaces Multi-usage Neutre,detergents-desinfectants-de-surfaces-multi-usage-neutre,5L,5L,20.0,
SUP3DN-L100,SUP3DN-L100,"LINGETTES SUPER 3D NEUTRE Flowpack x100 (+ Taxe TSUU 0,12€)",SUPER 3D,SUPER 3D,SOLS & SURFACES,sols-surfaces,Détergents désinfectants de surfaces Multi-usage Neutre,detergents-desinfectants-de-surfaces-multi-usage-neutre,l'unité,l'unité,20.0,
SUP3DLA-5,SUP3DLA-5,SUPER 3D LAVANDE 5L,SUPER 3D,SUPER 3D,SOLS & SURFACES,sols-surfaces,Détergents Désinfectants Surodorant 3D,detergents-desinfectants-surodorant-3d,5L,5L,20.0,
SUP3DA-5,SUP3DA-5,SUPER 3D AMBIANCE 5L,SUPER 3D,SUPER 3D,SOLS & SURFACES,sols-surfaces,Détergents Désinfectants Surodorant 3D,detergents-desinfectants-surodorant-3d,5L,5L,20.0,
SUP3DF-5,SUP3DF-5,SUPER 3D FLEURIE 5L,SUPER 3D,SUPER 3D,SOLS & SURFACES,sols-surfaces,Détergents Désinfectants Surodorant 3D,detergents-desinfectants-surodorant-3d,5L,5L,20.0,
SUP3DCV-5,SUP3DCV-5,SUPER 3D CITRON VERT 5L,SUPER 3D,SUPER 3D,SOLS & SURFACES,sols-surfaces,Détergents Désinfectants Surodorant 3D,detergents-desinfectants-surodorant-3d,5L,5L,20.0,
SUP3DP-5,SUP3DP-5,SUPER 3D PAMPLEMOUSSE,SUPER 3D,SUPER 3D,SOLS & SURFACES,sols-surfaces,Détergents Désinfectants Surodorant 3D,detergents-desinfectants-surodorant-3d,5L,5L,20.0,
60100,60100,PRIMODEUR 3D LAVANDE 1L,PRIMODEUR,PRIMODEUR,SOLS & SURFACES,sols-surfaces,Détergents Désinfectants Surodorant 3D longue durée,detergents-desinfectants-surodorant-3d-longue-duree,1L,1L,20.0,
60250,60250,PRIMODEUR 3D AMBIANCE 1L,PRIMODEUR,PRIMODEUR,SOLS & SURFACES,sols-surfaces,Détergents Désinfectants Surodorant 3D longue durée,detergents-desinfectants-surodorant-3d-longue-duree,1L,1L,20.0,
60500,60500,PRIMODEUR 3D FLEURIE 1L,PRIMODEUR,PRIMODEUR,SOLS & SURFACES,sols-surfaces,Détergents Désinfectants Surodorant 3D longue durée,detergents-desinfectants-surodorant-3d-longue-duree,1L,1L,20.0,
60200,60200,PRIMODEUR 3D CITRON VERT 1L,PRIMODEUR,PRIMODEUR,SOLS & SURFACES,sols-surfaces,Détergents Désinfectants Surodorant 3D longue durée,detergents-desinfectants-surodorant-3d-longue-duree,1L,1L,20.0,
60591,60591,PRIMODEUR 3D PAMPLEMOUSSE 1L,PRIMODEUR,PRIMODEUR,SOLS & SURFACES,sols-surfaces,Détergents Désinfectants Surodorant 3D longue durée,detergents-desinfectants-surodorant-3d-longue-duree,1L,1L,20.0,
60510,60510,PRIMODEUR 3D LAVANDE 5L,PRIMODEUR,PRIMODEUR,SOLS & SURFACES,sols-surfaces,Détergents Désinfectants Surodorant 3D longue durée,detergents-desinfectants-surodorant-3d-longue-duree,5L,5L,20.0,
65250,65250,PRIMODEUR 3D AMBIANCE 5L,PRIMODEUR,PRIMODEUR,SOLS & SURFACES,sols-surfaces,Détergents Désinfectants Surodorant 3D longue durée,detergents-desinfectants-surodorant-3d-longue-duree,5L,5L,20.0,
60550,60550,PRIMODEUR 3D FLEURIE 5L,PRIMODEUR,PRIMODEUR,SOLS & SURFACES,sols-surfaces,Détergents Désinfectants Surodorant 3D longue durée,detergents-desinfectants-surodorant-3d-longue-duree,5L,5L,20.0,
60520,60520,PRIMODEUR 3D CITRON VERT 5L,PRIMODEUR,PRIMODEUR,SOLS & SURFACES,sols-surfaces,Détergents Désinfectants Surodorant 3D longue durée,detergents-desinfectants-surodorant-3d-longue-duree,5L,5L,20.0,
60590,60590,PRIMODEUR 3D PAMPLEMOUSSE 5L,PRIMODEUR,PRIMODEUR,SOLS & SURFACES,sols-surfaces,Détergents Désinfectants Surodorant 3D longue durée,detergents-desinfectants-surodorant-3d-longue-duree,5L,5L,20.0,
CL01-1,CL01-1,CleanBin 3D 1L (Sur demande),JAGPRIMA,JAGPRIMA,SOLS & SURFACES,sols-surfaces,Désinfectants surodorants conteneurs/ poubelles très longue rémanence,desinfectants-surodorants-conteneurs-poubelles-tres-longue-remanence,1L,1L,20.0,
CL01,CL01,CleanBin 3D 5 L,JAGPRIMA,JAGPRIMA,SOLS & SURFACES,sols-surfaces,Désinfectants surodorants conteneurs/ poubelles très longue rémanence,desinfectants-surodorants-conteneurs-poubelles-tres-longue-remanence,5L,5L,20.0,
PLAN2DN-5,PLAN2DN-5,PLANETE 2D NEUTRE  ECOCERT 5L,JAGPRIMA,JAGPRIMA,SOLS & SURFACES,sols-surfaces,Détergents Surodorant 2D ECOCERT,detergents-surodorant-2d-ecocert,5L,5L,20.0,
PLAN2DCV-5,PLAN2DCV-5,PLANETE 2D CITRON VERT ECOCERT 5L,JAGPRIMA,JAGPRIMA,SOLS & SURFACES,sols-surfaces,Détergents Surodorant 2D ECOCERT,detergents-surodorant-2d-ecocert,5L,5L,20.0,
SUP2DN,SUP2DN,SUPER 2D NEUTRE 1L,JAGPRIMA,JAGPRIMA,SOLS & SURFACES,sols-surfaces,Détergents Surodorant 2D,detergents-surodorant-2d,1L,1L,20.0,
SUP2DCV,SUP2DCV,SUPER 2D CITRON VERT 1L,JAGPRIMA,JAGPRIMA,SOLS & SURFACES,sols-surfaces,Détergents Surodorant 2D,detergents-surodorant-2d,1L,1L,20.0,
SUP2DLA,SUP2DLA,SUPER 2D LAVANDE 1L,JAGPRIMA,JAGPRIMA,SOLS & SURFACES,sols-surfaces,Détergents Surodorant 2D,detergents-surodorant-2d,1L,1L,20.0,
SUP2DA,SUP2DA,SUPER 2D AMBIANCE 1L,JAGPRIMA,JAGPRIMA,SOLS & SURFACES,sols-surfaces,Détergents Surodorant 2D,detergents-surodorant-2d,1L,1L,20.0,
SUP2DF,SUP2DF,SUPER 2D FLEURIE 1L,JAGPRIMA,JAGPRIMA,SOLS & SURFACES,sols-surfaces,Détergents Surodorant 2D,detergents-surodorant-2d,1L,1L,20.0,
SUP2DP,SUP2DP,SUPER 2D PAMPLEMOUSSE 1L,JAGPRIMA,JAGPRIMA,SOLS & SURFACES,sols-surfaces,Détergents Surodorant 2D,detergents-surodorant-2d,1L,1L,20.0,
SUP2DN-5,SUP2DN-5,SUPER 2D NEUTRE 5L,JAGPRIMA,JAGPRIMA,SOLS & SURFACES,sols-surfaces,Détergents Surodorant 2D,detergents-surodorant-2d,5L,5L,20.0,
SUP2DCV-5,SUP2DCV-5,SUPER 2D CITRON VERT 5L,JAGPRIMA,JAGPRIMA,SOLS & SURFACES,sols-surfaces,Détergents Surodorant 2D,detergents-surodorant-2d,5L,5L,20.0,
SUP2DLA-5,SUP2DLA-5,SUPER 2D LAVANDE 5L,JAGPRIMA,JAGPRIMA,SOLS & SURFACES,sols-surfaces,Détergents Surodorant 2D,detergents-surodorant-2d,5L,5L,20.0,
SUP2DA-5,SUP2DA-5,SUPER 2D AMBIANCE 5L,JAGPRIMA,JAGPRIMA,SOLS & SURFACES,sols-surfaces,Détergents Surodorant 2D,detergents-surodorant-2d,5L,5L,20.0,
SUP2DF-5,SUP2DF-5,SUPER 2D FLEURIE 5L,JAGPRIMA,JAGPRIMA,SOLS & SURFACES,sols-surfaces,Détergents Surodorant 2D,detergents-surodorant-2d,5L,5L,20.0,
SUP2DP-5,SUP2DP-5,SUPER 2D PAMPLEMOUSSE 5L,JAGPRIMA,JAGPRIMA,SOLS & SURFACES,sols-surfaces,Détergents Surodorant 2D,detergents-surodorant-2d,5L,5L,20.0,
ACTTOI-5,ACTTOI-5,ACTIVATOP TOITURE CONCENTRE 5L (Nouveauté),JAGPRIMA,JAGPRIMA,SOLS & SURFACES,sols-surfaces,Traitement TOITURES,traitement-toitures,5L,5L,20.0,
ACTTOI,ACTTOI,ACTIVATOP TOITURE CONCENTRE 1L (Nouveauté),JAGPRIMA,JAGPRIMA,SOLS & SURFACES,sols-surfaces,Traitement TOITURES,traitement-toitures,1L,1L,20.0,
ACTTER-5,ACTTER-5,ACTIVATOP TERRASSE CONCENTRE 5L (Nouveauté),JAGPRIMA,JAGPRIMA,SOLS & SURFACES,sols-surfaces,Traitement TERRASSE,traitement-terrasse,5L,5L,20.0,
ACTTER,ACTTER,ACTIVATOP TERRASSE CONCENTRE 1L (Nouveauté),JAGPRIMA,JAGPRIMA,SOLS & SURFACES,sols-surfaces,Traitement TERRASSE,traitement-terrasse,1L,1L,20.0,
IO009,IO009,NETTOYANT SOLS PARQUETS LAVANDE 1L,IO,IO,SOLS & SURFACES,sols-surfaces,Détergents Sols parfumé 2D,detergents-sols-parfume-2d,1L,1L,20.0,
IO010,IO010,NETTOYANT SOLS PLASTIFIÉS AGRUMES 1L,IO,IO,SOLS & SURFACES,sols-surfaces,Détergents Sols parfumé 2D,detergents-sols-parfume-2d,1L,1L,20.0,
IO023,IO023,NETTOYANT UNIVERSEL 625 ml,IO,IO,SOLS & SURFACES,sols-surfaces,Nettoyants Vitres et surfaces,nettoyants-vitres-et-surfaces,625ml,625ml,20.0,
IO045,IO045,NETTOYANT VITRES 625 ml,IO,IO,SOLS & SURFACES,sols-surfaces,Nettoyants Vitres et surfaces,nettoyants-vitres-et-surfaces,625ml,625ml,20.0,
IOPRO033,IOPRO033,NET VITRES ULTRA 750 ml,IO PRO,IO PRO,SOLS & SURFACES,sols-surfaces,Nettoyants Vitres et surfaces,nettoyants-vitres-et-surfaces,750ml,750ml,20.0,
IOPRO033-5,IOPRO033-5,NET VITRES ULTRA 5L,IO PRO,IO PRO,SOLS & SURFACES,sols-surfaces,Nettoyants Vitres et surfaces,nettoyants-vitres-et-surfaces,5L,5L,20.0,
CIM03,CIM03,BIOCIME DÉTACHANT  TOUS SUPPORTS PAE 500 ml,BIOCIME,BIOCIME,SOLS & SURFACES,sols-surfaces,Spécialité: Détachants surfaces Anti Graffiti,specialite-detachants-surfaces-anti-graffiti,500ml,500ml,20.0,
CIM04,CIM04,BIOCIME DÉTACHANT CONCENTRÉ TOUS SUPPORTS 500 ml,BIOCIME,BIOCIME,SOLS & SURFACES,sols-surfaces,Spécialité: Détachants surfaces Anti Graffiti,specialite-detachants-surfaces-anti-graffiti,500ml,500ml,20.0,
C517,C517,ANTI GRAFFITI 500 ml,NILODOR,NILODOR,SOLS & SURFACES,sols-surfaces,Spécialité: Détachants surfaces Anti Graffiti,specialite-detachants-surfaces-anti-graffiti,500ml,500ml,20.0,
C517-5,C517-5,ANTI GRAFFITI 5L,NILODOR,NILODOR,SOLS & SURFACES,sols-surfaces,Spécialité: Détachants surfaces Anti Graffiti,specialite-detachants-surfaces-anti-graffiti,5L,5L,20.0,
IO015,IO015,DESODORISANT LONGUE DUREE 200 ml,JAGPRIMA,JAGPRIMA,SOLS & SURFACES,sols-surfaces,Désodorisants et surodorants,desodorisants-et-surodorants,200ml,200ml,20.0,
IO018,IO018,VAPORISATEUR TEXTILES PARFUM DOUCEUR  500 ml,JAGPRIMA,JAGPRIMA,SOLS & SURFACES,sols-surfaces,Désodorisants et surodorants,desodorisants-et-surodorants,500ml,500ml,20.0,
80104,80104,SPRAY D'AMBIANCE SURODORANT LAVANDE 500 ml,JAGPRIMA,JAGPRIMA,SOLS & SURFACES,sols-surfaces,Désodorisants et surodorants,desodorisants-et-surodorants,500ml,500ml,20.0,
80101,80101,SPRAY D'AMBIANCE SURODORANT FLEURIE 500 ml,JAGPRIMA,JAGPRIMA,SOLS & SURFACES,sols-surfaces,Désodorisants et surodorants,desodorisants-et-surodorants,500ml,500ml,20.0,
80102,80102,SPRAY D'AMBIANCE SURODORANT AMBIANCE 500 ml,JAGPRIMA,JAGPRIMA,SOLS & SURFACES,sols-surfaces,Désodorisants et surodorants,desodorisants-et-surodorants,500ml,500ml,20.0,
1794,1794,DESODORISANT MECHE LAVANDE 375 ml,Aire Care,Aire Care,SOLS & SURFACES,sols-surfaces,Désodorisants et surodorants,desodorisants-et-surodorants,375ml,375ml,20.0,
642,642,DESODORISANT GEL ROSE 150 gr,Aire Care,Aire Care,SOLS & SURFACES,sols-surfaces,Désodorisants et surodorants,desodorisants-et-surodorants,150gr,150gr,20.0,
641,641,DESODORISANT GEL LAVANDE 150 gr,Aire Care,Aire Care,SOLS & SURFACES,sols-surfaces,Désodorisants et surodorants,desodorisants-et-surodorants,150gr,150gr,20.0,
IO026,IO026,IO LIQUIDE VAISSELLE MAINS ULTRA PUISSANT CITRON 1L,IO,IO,CUISINE,cuisine,Liquide vaisselle mains,liquide-vaisselle-mains,1L,1L,20.0,
IOPRO032-5,IOPRO032-5,IO LIQUIDE VAISSELLE MAINS ULTRA PUISSANT CITRON 5L,IO,IO,CUISINE,cuisine,Liquide vaisselle mains,liquide-vaisselle-mains,5L,5L,20.0,
IO041,IO041,IO LIQUIDE VAISSELLE MAINS ULTRA PUISSANT POMME 1L,IO,IO,CUISINE,cuisine,Liquide vaisselle mains,liquide-vaisselle-mains,1L,1L,20.0,
IO027,IO027,IO LIQUIDE VAISSELLE MAINS ULTRA PUISSANT FRUITS ROUGES 1L,IO,IO,CUISINE,cuisine,Liquide vaisselle mains,liquide-vaisselle-mains,1L,1L,20.0,
IO040,IO040,IO LIQUIDE VAISSELLE MAINS ULTRA PUISSANT CITRON 500 ml,IO,IO,CUISINE,cuisine,Liquide vaisselle mains,liquide-vaisselle-mains,500ml,500ml,20.0,
IO028,IO028,IO LIQUIDE VAISSELLE MAINS ULTRA PUISSANT POMME 500 ml,IO,IO,CUISINE,cuisine,Liquide vaisselle mains,liquide-vaisselle-mains,500ml,500ml,20.0,
IO039,IO039,IO LIQUIDE VAISSELLE MAINS ULTRA PUISSANT FRUITS ROUGES 500 ml,IO,IO,CUISINE,cuisine,Liquide vaisselle mains,liquide-vaisselle-mains,500ml,500ml,20.0,
IO029,IO029,IO DEGRAISSANT ULTRA PUISSANT VAISSELLE CITRON/BERGAMOTTE 500 ml,IO,IO,CUISINE,cuisine,Liquide vaisselle mains,liquide-vaisselle-mains,500ml,500ml,20.0,
IOPRO020,IOPRO020,BAC VERRE 1L Idéal pour les bars à bières,IO PRO,IO PRO,CUISINE,cuisine,Liquide vaisselle mains,liquide-vaisselle-mains,1L,1L,20.0,
IOPRO027,IOPRO027,LIQUIDE DE TREMPAGE 5L,IO PRO,IO PRO,CUISINE,cuisine,Liquide vaisselle mains,liquide-vaisselle-mains,5L,5L,20.0,
IOPRO022,IOPRO022,VERRE ECLAT LLV 1L,IO PRO,IO PRO,CUISINE,cuisine,Liquide Lavage Machine,liquide-lavage-machine,1L,1L,20.0,
IOPRO024,IOPRO024,LVM MACHINE EAU DURE et DOUCE 5L,IO PRO,IO PRO,CUISINE,cuisine,Liquide Lavage Machine,liquide-lavage-machine,5L,5L,20.0,
IOPRO025,IOPRO025,LVM MACHINE EAU DURE et DOUCE 20L,IO PRO,IO PRO,CUISINE,cuisine,Liquide Lavage Machine,liquide-lavage-machine,20L,20L,20.0,
IOPRO026,IOPRO026,LIQUIDE RINCAGE RVM 5L,IO PRO,IO PRO,CUISINE,cuisine,Liquide Rinçage Machine,liquide-rincage-machine,5L,5L,20.0,
IOPRO026-20,IOPRO026-20,LIQUIDE RINCAGE RVM 20L,IO PRO,IO PRO,CUISINE,cuisine,Liquide Rinçage Machine,liquide-rincage-machine,20L,20L,20.0,
ACT2002-5,ACT2002-5,ACTIVATOP SOL CUISINE ET INDUSTRIEL  5L,ACTIVATOP,ACTIVATOP,CUISINE,cuisine,Surfaces,surfaces,5L,5L,20.0,
IO011,IO011,IO DEGRAISSANT SPECIAL CUISINE 625 ml,IO,IO,CUISINE,cuisine,Surfaces,surfaces,625ml,625ml,20.0,
IOPRO012,IOPRO012,SUPER DEGRAISSANT 500ml,IO PRO,IO PRO,CUISINE,cuisine,Surfaces,surfaces,500ml,500ml,20.0,
IOPRO012-5,IOPRO012-5,SUPER DEGRAISSANT 5L,IO PRO,IO PRO,CUISINE,cuisine,Surfaces,surfaces,5L,5L,20.0,
IOPRO028-750,IOPRO028-750,DÉGRAISSANT DÉSINFECTANT MOUSSANT ALIMENTAIRE 750ml PAE,IO PRO,IO PRO,CUISINE,cuisine,Désinfectants Surfaces,desinfectants-surfaces,750ml,750ml,20.0,
IOPRO028,IOPRO028,DÉGRAISSANT DÉSINFECTANT MOUSSANT ALIMENTAIRE CONCENTRE 5L,IO PRO,IO PRO,CUISINE,cuisine,Désinfectants Surfaces,desinfectants-surfaces,5L,5L,20.0,
IOPRO021,IOPRO021,DETARTRANT MACHINE 5L,IO PRO,IO PRO,CUISINE,cuisine,Détartrant Machine,detartrant-machine,5L,5L,20.0,
IO006,IO006,IO NETTOYANT SPECIAL FOUR 750 ml,IO,IO,CUISINE,cuisine,"Four, Plancha, Plaque",four-plancha-plaque,750mL,750mL,20.0,
IOPRO031,IOPRO031,IO NETTOYANT PLANCHA 180° FLACON 1L,IO PRO,IO PRO,CUISINE,cuisine,"Four, Plancha, Plaque",four-plancha-plaque,1L,1L,20.0,
IOPRO014,IOPRO014,NETTOYANT PLANCHA,IO,IO,CUISINE,cuisine,"Four, Plancha, Plaque",four-plancha-plaque,750ml,750ml,20.0,
IOPRO017,IOPRO017,NETTOYANT FOUR BOULANGERIE,JAGPRIMA,JAGPRIMA,CUISINE,cuisine,"Four, Plancha, Plaque",four-plancha-plaque,500ml,500ml,20.0,
IOPRO017-5,IOPRO017-5,NETTOYANT FOUR BOULANGERIE,JAGPRIMA,JAGPRIMA,CUISINE,cuisine,"Four, Plancha, Plaque",four-plancha-plaque,5L,5L,20.0,
IOPRO023,IOPRO023,RENOVATEUR METAUX 750ML,IO PRO,IO PRO,CUISINE,cuisine,Rénovateur Métaux,renovateur-metaux,750ml,750ml,20.0,
CREMARGMET,CREMARGMET,CREME NETTOYANTE ARGENT & METAUX 250 ml  (Nouveauté),MPL,MPL,CUISINE,cuisine,Rénovateur Métaux,renovateur-metaux,250ml,250ml,20.0,
PIERRENET,PIERRENET,PIERRE DE NETTOYAGE BLANCHE 300 GR  (Nouveauté),MPL,MPL,CUISINE,cuisine,Rénovateur Métaux,renovateur-metaux,300gr,300gr,20.0,
LES 7500,LES 7500,NILOZYM - 1L,NILODOR,NILODOR,CUISINE,cuisine,Traitement Canalisations / Bac à graisse,traitement-canalisations-bac-a-graisse,1L,1L,20.0,
LES 7503,LES 7503,NILOZYM - 5L,NILODOR,NILODOR,CUISINE,cuisine,Traitement Canalisations / Bac à graisse,traitement-canalisations-bac-a-graisse,5L,5L,20.0,
ACT1129-5,ACT1129-5,ACTIVATOP GT 1X - 5L,ACTIVATOP,ACTIVATOP,CUISINE,cuisine,Traitement Canalisations / Bac à graisse,traitement-canalisations-bac-a-graisse,5L,5L,20.0,
1105,1105,SAVON LAVE MAINS TRADITIONNEL 500 ml,MPL,MPL,CORPOREL,corporel,,none,500ml,500ml,20.0,
1107,1107,SAVON LAVE MAINS LAVANDE 500ML  (Nouveauté),MPL,MPL,CORPOREL,corporel,,none,500ml,500ml,20.0,
1108,1108,SAVON LAVE MAINS PEAUX SENSIBLES 500ML  (Nouveauté),MPL,MPL,CORPOREL,corporel,,none,500ml,500ml,20.0,
1109,1109,SAVON LAVE MAINS DERMO 500ML  (Nouveauté),MPL,MPL,CORPOREL,corporel,,none,500ml,500ml,20.0,
SHKERA,SHKERA,SHAMPOING A LA KERATINE 270 ml (Nouveauté),MPL,MPL,SHAMPOING,shampoing,,none,270ML,270ML,20.0,
SHGRAS,SHGRAS,SHAMPOING CHEVEUX GRAS 270 ml (Nouveauté),MPL,MPL,SHAMPOING,shampoing,,none,270ML,270ML,20.0,
SHFINS,SHFINS,SHAMPOING CHEVEUX FINS 270 ml (Nouveauté),MPL,MPL,SHAMPOING,shampoing,,none,270ML,270ML,20.0,
SHABIM,SHABIM,SHAMPOING CHEVEUX ABIMES 270 ml (Nouveauté),MPL,MPL,SHAMPOING,shampoing,,none,270ML,270ML,20.0,
GELDOUROSE,GELDOUROSE,GEL DOUCHE ROSE MUSQUE 1250 ml (Nouveauté),MPL,MPL,GEL DOUCHE,gel-douche,,none,"1,250 L","1,250 L",20.0,
GELDOUTRAD,GELDOUTRAD,GEL DOUCHE TRADITIONNEL 1250 ml (Nouveauté),MPL,MPL,GEL DOUCHE,gel-douche,,none,"1,250 L","1,250 L",20.0,
GELDOUSENS,GELDOUSENS,GEL DOUCHE SENSITIVE 1250 ml (Nouveauté),MPL,MPL,GEL DOUCHE,gel-douche,,none,"1,250 L","1,250 L",20.0,
GELDOUCLAS,GELDOUCLAS,GEL DOUCHE CLASSIQUE 1250 ml (Nouveauté),MPL,MPL,GEL DOUCHE,gel-douche,,none,"1,250 L","1,250 L",20.0,
BIO1103,BIO1103,BIOBACTER MENTHE 1L,NILODOR,NILODOR,SANITAIRES,sanitaires,Surfaces et Canalisations,surfaces-et-canalisations,1L,1L,20.0,
BIO1103-TM,BIO1103-TM,BIOBACTER TANGO MANGO 1L,NILODOR,NILODOR,SANITAIRES,sanitaires,Surfaces et Canalisations,surfaces-et-canalisations,1L,1L,20.0,
BIO1103-5,BIO1103-5,BIOBACTER MENTHE 5L,NILODOR,NILODOR,SANITAIRES,sanitaires,Surfaces et Canalisations,surfaces-et-canalisations,5L,5L,20.0,
BIO1103-5TM,BIO1103-5TM,BIOBACTER TANGO MANGO 5L,NILODOR,NILODOR,SANITAIRES,sanitaires,Surfaces et Canalisations,surfaces-et-canalisations,5L,5L,20.0,
IOPRO029,IOPRO029,DETARTRANT DESINFECTANT  SANITAIRE 4D 750ml,IO PRO,IO PRO,SANITAIRES,sanitaires,"Nettoyants, Détartrants, Désinfectants",nettoyants-detartrants-desinfectants,750ml,750ml,20.0,
IOPRO029-5,IOPRO029-5,DETARTRANT DESINFECTANT  SANITAIRE 4D 5L,IO PRO,IO PRO,SANITAIRES,sanitaires,"Nettoyants, Détartrants, Désinfectants",nettoyants-detartrants-desinfectants,5L,5L,20.0,
IO024,IO024,IO NETTOYANT SALLE DE BAIN 625 ml,IO,IO,SANITAIRES,sanitaires,"Nettoyants, Détartrants, Désinfectants",nettoyants-detartrants-desinfectants,625ml,625ml,20.0,
IO020,IO020,IO ANTICALCAIRE SALLE DE BAIN 625 ml,IO,IO,SANITAIRES,sanitaires,"Nettoyants, Détartrants, Désinfectants",nettoyants-detartrants-desinfectants,625ml,625ml,20.0,
ACT1103,ACT1103,ACTIVATOP POUDRE FOSSES SEPTIQUES - 750 gr,ACTIVATOP,ACTIVATOP,SANITAIRES,sanitaires,Fosse septique,fosse-septique,750 gr,750 gr,20.0,
IO037,IO037,IO GEL WC  DETARTRANT BLEU OCEAN BEC VERSEUR 750 ml,IO,IO,SANITAIRES,sanitaires,"Wc, Urinoir",wc-urinoir,750ml,750ml,20.0,
IO038,IO038,IO GEL WC DETARTRANT VERT PIN BEC VERSEUR 750 ml,IO,IO,SANITAIRES,sanitaires,"Wc, Urinoir",wc-urinoir,750ml,750ml,20.0,
IO036,IO036,IO GEL WC DETARTRANT JAVEL BEC VERSEUR 750 ml,IO,IO,SANITAIRES,sanitaires,"Wc, Urinoir",wc-urinoir,750ml,750ml,20.0,
1529,1529,BLOCS WC 5 DROPS OCEAN 2 x 55 gr,SPLUFF,SPLUFF,SANITAIRES,sanitaires,"Wc, Urinoir",wc-urinoir,2x55g,2x55g,20.0,
593,593,BLOCS WC JAVEL 2 X 40 gr,SPLUFF,SPLUFF,SANITAIRES,sanitaires,"Wc, Urinoir",wc-urinoir,2x40g,2x40g,20.0,
LES7605,LES7605,BLOC ENZYME,NILODOR,NILODOR,SANITAIRES,sanitaires,"Wc, Urinoir",wc-urinoir,pièce,pièce,20.0,
LES7600,LES7600,NILOBLOC GRILLE,NILODOR,NILODOR,SANITAIRES,sanitaires,"Wc, Urinoir",wc-urinoir,pièce,pièce,20.0,
53900,53900,DEBOUCHEUR DISOLVO ALCALIN 1L,DISOLVO,DISOLVO,DEBOUCHEURS,deboucheurs,Liquide,liquide,1L,1L,20.0,
53600,53600,DEBOUCHEUR GEL AVEC JAVEL DISOLVO ALCALIN 1L,DISOLVO,DISOLVO,DEBOUCHEURS,deboucheurs,Liquide,liquide,1L,1L,20.0,
IO022,IO022,IO DEBOUCHEUR GEL 1L,IO,IO,DEBOUCHEURS,deboucheurs,Liquide,liquide,1L,1L,20.0,
53100,53100,SOUDE CAUSTIQUE ANHYDRE 1Kg,DISOLVO,DISOLVO,DEBOUCHEURS,deboucheurs,Solide,solide,1 Kg,1 Kg,20.0,
53750,53750,DEBOUCHEUR PAILLETTES 750 gr,DISOLVO,DISOLVO,DEBOUCHEURS,deboucheurs,Solide,solide,750gr,750gr,20.0,
CIM07,CIM07,BIOCIME DEBOUCHEUR BIOLOGIQUE 500 ml,BIOCIME,BIOCIME,DEBOUCHEURS,deboucheurs,Solide,solide,500ml,500ml,20.0,
160,160,20 SACS POUBELLE LIEN COULISSANTS 30L,SPHERE,SPHERE,SAC A DECHET NETTOYANT POUBELLES,sac-a-dechet-nettoyant-poubelles,,none,rouleau,rouleau,20.0,
164,164,10 SACS POUBELLE LIEN COULISSANTS 50L,SPHERE,SPHERE,SAC A DECHET NETTOYANT POUBELLES,sac-a-dechet-nettoyant-poubelles,,none,rouleau,rouleau,20.0,
159,159,10 SACS POUBELLE LIEN COULISSANTS 100L,SPHERE,SPHERE,SAC A DECHET NETTOYANT POUBELLES,sac-a-dechet-nettoyant-poubelles,,none,rouleau,rouleau,20.0,
IO044,IO044,LESSIVE SAVON DE MARSEILLE POUR MACHINE A LAVER & MAINS 3L 120 Lavages,IO,IO,LINGE,linge,Lessive Liquide,lessive-liquide,3L,3L,20.0,
LESSMA-5,LESSMA-5,LESSIVE LIQUIDE SAVON MARSEILLE 5L  (Nouveauté),MPL,MPL,LINGE,linge,Lessive Liquide,lessive-liquide,5L,5L,20.0,
LESSAV-5,LESSAV-5,LESSIVE LIQUIDE ALOE VERA 5L  (Nouveauté),MPL,MPL,LINGE,linge,Lessive Liquide,lessive-liquide,5L,5L,20.0,
IO019,IO019,IO LESSIVE TEXTILE COULEUR & DELICAT 1L,IO,IO,LINGE,linge,Lessive Liquide,lessive-liquide,1L,1L,20.0,
IO014,IO014,IO LESSIVE TEXTILE LAINE & DELICAT 1L,IO,IO,LINGE,linge,Lessive Liquide,lessive-liquide,1L,1L,20.0,
IO012,IO012,IO DETACHANT UNIVERSEL 625 ml,IO,IO,LINGE,linge,Détachants,detachants,625ml,625ml,20.0,
IO013,IO013,IO DETACHANT UNIVERSEL SANS JAVEL 625 ml,IO,IO,LINGE,linge,Détachants,detachants,625ml,625ml,20.0,
UACLIP-AS,UACLIP-AS,ULTRA AIR CLIP 2.0 POMME,NILODOR,NILODOR,LINGE,linge,Clips,clips,l'unité,l'unité,20.0,
UACLIP-FS,UACLIP-FS,ULTRA AIR CLIP 2.0 TUTTI FRUTTI,NILODOR,NILODOR,LINGE,linge,Clips,clips,l'unité,l'unité,20.0,
UACLIP-TM,UACLIP-TM,ULTRA AIR CLIP 2.0 TANGO MANGO,NILODOR,NILODOR,LINGE,linge,Clips,clips,l'unité,l'unité,20.0,
UACLIP-SL,UACLIP-SL,ULTRA AIR CLIP 2.0 DOUCEUR,NILODOR,NILODOR,LINGE,linge,Clips,clips,l'unité,l'unité,20.0,
UAH-AS,UAH-AS,ULTRA AIR ACCORDEON POMME,NILODOR,NILODOR,LINGE,linge,Accordéons,accordeons,l'unité,l'unité,20.0,
UAH-TM,UAH-TM,ULTRA AIR ACCORDEON TANGO MANGO,NILODOR,NILODOR,LINGE,linge,Accordéons,accordeons,l'unité,l'unité,20.0,
UAH-M,UAH-M,ULTRA AIR ACCORDEON MENTHE,NILODOR,NILODOR,LINGE,linge,Accordéons,accordeons,l'unité,l'unité,20.0,
UAH-SL,UAH-SL,ULTRA AIR ACCORDEON DOUCEUR,NILODOR,NILODOR,LINGE,linge,Accordéons,accordeons,l'unité,l'unité,20.0,
UARF-CAB,UARF-CAB,ULTRA AIR CABINE,NILODOR,NILODOR,LINGE,linge,Air Sapin,air-sapin,l'unité,l'unité,20.0,
UARF-AS,UARF-AS,ULTRA AIR SAPIN POMME,NILODOR,NILODOR,LINGE,linge,Air Sapin,air-sapin,l'unité,l'unité,20.0,
UARF-TM,UARF-TM,ULTRA AIR SAPIN TANGO MANGO,NILODOR,NILODOR,LINGE,linge,Air Sapin,air-sapin,l'unité,l'unité,20.0,
UARF-SL,UARF-SL,ULTRA AIR SAPIN DOUCEUR,NILODOR,NILODOR,LINGE,linge,Air Sapin,air-sapin,l'unité,l'unité,20.0,
UA2-TM,UA2-TM,ULTRA GRILLE 2.0 TANGO MANGO,NILODOR,NILODOR,LINGE,linge,Grilles,grilles,l'unité,l'unité,20.0,
UA2-CM,UA2-CM,ULTRA GRILLE 2.0 MELON,NILODOR,NILODOR,LINGE,linge,Grilles,grilles,l'unité,l'unité,20.0,
UA2-SL,UA2-SL,ULTRA GRILLE 2.0 DOUCEUR,NILODOR,NILODOR,LINGE,linge,Grilles,grilles,l'unité,l'unité,20.0,
NIL 4609,NIL 4609,NILODOR GOUTTES 15 ml,NILODOR,NILODOR,GAMME NILODOR,gamme-nilodor,Neutralisants et destructeurs d'odeurs,neutralisants-et-destructeurs-d-odeurs,15 ml,15 ml,20.0,
NIL4921O,NIL4921O,NILIUM ORIGINAL 1L Doseur,NILODOR,NILODOR,GAMME NILODOR,gamme-nilodor,Neutralisants et destructeurs d'odeurs,neutralisants-et-destructeurs-d-odeurs,1L Doseur,1L Doseur,20.0,
NIL4921T,NIL4921T,NILIUM THE ROUGE 1L  Doseur,NILODOR,NILODOR,GAMME NILODOR,gamme-nilodor,Neutralisants et destructeurs d'odeurs,neutralisants-et-destructeurs-d-odeurs,1L Doseur,1L Doseur,20.0,
NIL4921-5O,NIL4921-5O,NILIUM ORIGINAL 5L,NILODOR,NILODOR,GAMME NILODOR,gamme-nilodor,Neutralisants et destructeurs d'odeurs,neutralisants-et-destructeurs-d-odeurs,5L,5L,20.0,
NIL4921-5T,NIL4921-5T,NILIUM THE ROUGE 5L,NILODOR,NILODOR,GAMME NILODOR,gamme-nilodor,Neutralisants et destructeurs d'odeurs,neutralisants-et-destructeurs-d-odeurs,5L,5L,20.0,
NIL4913,NIL4913,NILODOR VAPORISATEUR ORIGINAL 200 ml,NILODOR,NILODOR,GAMME NILODOR,gamme-nilodor,Neutralisants et destructeurs d'odeurs,neutralisants-et-destructeurs-d-odeurs,200 ml,200 ml,20.0,
NIL4913S,NIL4913S,NILODOR VAPORISATEUR DOUCEUR 200 ml,NILODOR,NILODOR,GAMME NILODOR,gamme-nilodor,Neutralisants et destructeurs d'odeurs,neutralisants-et-destructeurs-d-odeurs,200 ml,200 ml,20.0,
NIL 4912,NIL 4912,NILODOR VAPO ORIGINAL 500 ml (sur commande spéciale),NILODOR,NILODOR,GAMME NILODOR,gamme-nilodor,Neutralisants et destructeurs d'odeurs,neutralisants-et-destructeurs-d-odeurs,500ml,500ml,20.0,
AS00302,AS00302,NILODISCS ORIGINAL boîte de 12 disques,NILODOR,NILODOR,GAMME NILODOR,gamme-nilodor,Neutralisants et destructeurs d'odeurs,neutralisants-et-destructeurs-d-odeurs,l'unité,l'unité,20.0,
LES 7504,LES 7504,NILOSORB - Flacon poudreur 311 gr,NILODOR,NILODOR,GAMME NILODOR,gamme-nilodor,Absorbants NILODOR,absorbants-nilodor,311gr,311gr,20.0,
LES 7506,LES 7506,NILOGEL - Flacon poudreur 750 ml/284 gr,NILODOR,NILODOR,GAMME NILODOR,gamme-nilodor,Absorbants NILODOR,absorbants-nilodor,l'unité,l'unité,20.0,
MINI-SOK,MINI-SOK,MINI SUPER SOCK ORIGINAL,NILODOR,NILODOR,GAMME NILODOR,gamme-nilodor,"Poubelles Locaux, Parking neutralisation très longue durée et grands surfaces",poubelles-locaux-parking-neutralisation-tres-longue-duree-et-grands-surfaces,la  sock,la  sock,20.0,
CTMINI,CTMINI,MINI SUPER SOCK CITRON,NILODOR,NILODOR,GAMME NILODOR,gamme-nilodor,"Poubelles Locaux, Parking neutralisation très longue durée et grands surfaces",poubelles-locaux-parking-neutralisation-tres-longue-duree-et-grands-surfaces,la  sock,la  sock,20.0,
CT-SOK,CT-SOK,SUPER SOCK CITRON,NILODOR,NILODOR,GAMME NILODOR,gamme-nilodor,"Poubelles Locaux, Parking neutralisation très longue durée et grands surfaces",poubelles-locaux-parking-neutralisation-tres-longue-duree-et-grands-surfaces,la  sock,la  sock,20.0,
OR-SOK,OR-SOK,SUPER SOCK ORIGINAL,NILODOR,NILODOR,GAMME NILODOR,gamme-nilodor,"Poubelles Locaux, Parking neutralisation très longue durée et grands surfaces",poubelles-locaux-parking-neutralisation-tres-longue-duree-et-grands-surfaces,la  sock,la  sock,20.0,
41,41,"JAVEL  2,6% 1L",OXENA,OXENA,DROGUERIE,droguerie,Javels,javels,1L,1L,20.0,
42,42,"JAVEL  2,6% 2L",OXENA,OXENA,DROGUERIE,droguerie,Javels,javels,2L,2L,20.0,
43,43,"JAVEL  2,6% 5L",OXENA,OXENA,DROGUERIE,droguerie,Javels,javels,5L,5L,20.0,
44,44,"JAVEL 2,6% EUCALYPTUS 2L",OXENA,OXENA,DROGUERIE,droguerie,Javels,javels,2L,2L,20.0,
871,871,"JAVEL 2,6% CITRON 2L",OXENA,OXENA,DROGUERIE,droguerie,Javels,javels,2L,2L,20.0,
45,45,"JAVEL 9,6% 5L",OXENA,OXENA,DROGUERIE,droguerie,Javels,javels,5L,5L,20.0,
49,49,"JAVEL PRO  9,6% 20L",OXENA,OXENA,DROGUERIE,droguerie,Javels,javels,20L,20L,20.0,
50,50,"JAVEL Chlore liquide 12,5% 20L  (Nouveauté)",OXENA,OXENA,DROGUERIE,droguerie,Javels,javels,20L,20L,20.0,
39,39,150 PASTILLES CHLOREES BOITE 500 gr,OXENA,OXENA,DROGUERIE,droguerie,Javels,javels,L'unité,L'unité,20.0,
1071CB,1071CB,VINAIGRE MENAGER 14° 1L,CB,CB,DROGUERIE,droguerie,Entretien,entretien,1L,1L,20.0,
1076CB,1076CB,VINAIGRE MENAGER 14° 5L,CB,CB,DROGUERIE,droguerie,Entretien,entretien,5L,5L,20.0,
1078CB,1078CB,VINAIGRE 14° 20L  (Nouveauté),CB,CB,DROGUERIE,droguerie,Entretien,entretien,20L,20L,20.0,
219,219,EAU DEMINERALISEE 5L,OXENA,OXENA,DROGUERIE,droguerie,Entretien,entretien,5L,5L,20.0,
229,229,EAU DEMINERALISEE 20L,OXENA,OXENA,DROGUERIE,droguerie,Entretien,entretien,20L,20L,20.0,
JABSO05,JABSO05,BICARBONATE DE SOUDE 500 gr,JAGPRIMA,JAGPRIMA,DROGUERIE,droguerie,Entretien,entretien,500gr,500gr,20.0,
IO047,IO047,ALCOOL MENAGER CITRON 1L,IO,IO,DROGUERIE,droguerie,Entretien,entretien,1L,1L,20.0,
48,48,ALCOOL MENAGER PARFUME FLORAL 1L,MPL,MPL,DROGUERIE,droguerie,Entretien,entretien,1L,1L,20.0,
221,221,ACIDE CHLORHYDRIQUE 1L,MPL,MPL,DROGUERIE,droguerie,Entretien,entretien,1L,1L,20.0,
1531,1531,ACIDE CHLORHYDRIQUE 5L,MPL,MPL,DROGUERIE,droguerie,Entretien,entretien,5L,5L,20.0,
214,214,WHITE SPIRIT DC10 1L,MPL,MPL,DROGUERIE,droguerie,Diluants,diluants,1L,1L,20.0,
215,215,WHITE SPIRIT DC10 5L,MPL,MPL,DROGUERIE,droguerie,Diluants,diluants,5L,5L,20.0,
216,216,ALCOOL A BRULER 90° 1L,MPL,MPL,DROGUERIE,droguerie,Diluants,diluants,1L,1L,20.0,
1077,1077,"AMMONIAQUE 1,5L",MPL,MPL,DROGUERIE,droguerie,Diluants,diluants,"1,5L","1,5L",20.0,
220,220,ACETONE 1L,MPL,MPL,DROGUERIE,droguerie,Diluants,diluants,1L,1L,20.0,
BJG6137,BJG6137,BIOJAG 2.0 - 500 ml (hors Egalim),JAGPRIMA,JAGPRIMA,DROGUERIE,droguerie,Insectes Volants et Rampants,insectes-volants-et-rampants,500ml,500ml,20.0,
BJG6137-5,BJG6137-5,BIOJAG 2.0 - 5L (hors Egalim),JAGPRIMA,JAGPRIMA,DROGUERIE,droguerie,Insectes Volants et Rampants,insectes-volants-et-rampants,5L,5L,20.0,
BJG6132,BJG6132,BIOJAG INSECTICIDE 500 ml,JAGPRIMA,JAGPRIMA,DROGUERIE,droguerie,Insectes Volants et Rampants,insectes-volants-et-rampants,500ml,500ml,20.0,
BJG6136,BJG6136,BIOJAG INSECTICICDE 5L,JAGPRIMA,JAGPRIMA,DROGUERIE,droguerie,Insectes Volants et Rampants,insectes-volants-et-rampants,5L,5L,20.0,
231,231,10 SPIRALES ANTI-MOUSTIQUES,BENGAL,BENGAL,DROGUERIE,droguerie,Insectes Volants,insectes-volants,L'unité,L'unité,20.0,
1558,1558,"DIFFUSEUR + 1 RECHARGE ANTI-MOUSTIQUES 45 NUITS (+ Taxe DEEE 0,08€)",BENGAL,BENGAL,DROGUERIE,droguerie,Insectes Volants,insectes-volants,L'unité,L'unité,20.0,
1560,1560,RECHARGE LIQUIDE ANTI-MOUSTIQUES 45 NUITS,BENGAL,BENGAL,DROGUERIE,droguerie,Insectes Volants,insectes-volants,L'unité,L'unité,20.0,
1559,1559,RECHARGE 30 PASTILLES ANTI-MOUSTIQUES 45 NUITS,BENGAL,BENGAL,DROGUERIE,droguerie,Insectes Volants,insectes-volants,L'unité,L'unité,20.0,
BEN030,BEN030,INSECTICIDE AEROSOL VOLANTS BENGAL 400ML  (Nouveauté),BENGAL,BENGAL,DROGUERIE,droguerie,Insectes Volants,insectes-volants,L'unité,L'unité,20.0,
1855,1855,2 PIEGES A MITES DES VETEMENTS,AEROXON,AEROXON,DROGUERIE,droguerie,Insectes Volants,insectes-volants,L'unité,L'unité,20.0,
XONMITLAV,XONMITLAV,BOITE ANTI MITES PARFUM LAVANDE (Nouveauté),AEROXON,AEROXON,DROGUERIE,droguerie,Insectes Volants,insectes-volants,L'unité,L'unité,20.0,
1114,1114,2 PIEGES A MITES ALIMENTAIRES,AEROXON,AEROXON,DROGUERIE,droguerie,Insectes Volants,insectes-volants,L'unité,L'unité,20.0,
XONTAPMOU,XONTAPMOU,36 TAPETTES A MOUCHES EN PRESENTOIR (Nouveauté),AEROXON,AEROXON,DROGUERIE,droguerie,Insectes Volants,insectes-volants,Présentoir,Présentoir,20.0,
BJG6138,BJG6138,IINSECTICIDE PUNAISE DE LIT 500 ml (hors Egalim),JAGPRIMA,JAGPRIMA,DROGUERIE,droguerie,Insectes Rampants,insectes-rampants,500ml,500ml,20.0,
IO016,IO016,ANTI RAMPANTS 500 ml (hors Egalim),IO,IO,DROGUERIE,droguerie,Insectes Rampants,insectes-rampants,500ml,500ml,20.0,
BEN032,BEN032,INSECTICIDE AEROSOL RAMPANTS BENGAL 400ML (Nouveauté),BENGAL,BENGAL,DROGUERIE,droguerie,Insectes Rampants,insectes-rampants,L'unité,L'unité,20.0,
891,891,POUDRE ANTI -FOURMIS  200 gr,ASSAINIC,ASSAINIC,DROGUERIE,droguerie,Insectes Rampants,insectes-rampants,200gr,200gr,20.0,
1852,1852,BOITE ANTI-FOURMIS DE 10 gr,AEROXON,AEROXON,DROGUERIE,droguerie,Insectes Rampants,insectes-rampants,10gr,10gr,20.0,
1857,1857,CARTE 2 TUBES 15 gr ANTI-FOURMIS MATIERE ACTIVE CYPHENOTHRINE,ASSAINIC,ASSAINIC,DROGUERIE,droguerie,Insectes Rampants,insectes-rampants,30gr,30gr,20.0,
1866,1866,SERINGUE / CARTE ANTI-CAFARDS 25 gr,ASSAINIC,ASSAINIC,DROGUERIE,droguerie,Insectes Rampants,insectes-rampants,25gr,25gr,20.0,
1821,1821,3 PIEGES COLLANTS POUR CAFARD / POISSONS D’ARGENT,AEROXON,AEROXON,DROGUERIE,droguerie,Insectes Rampants,insectes-rampants,Unité,Unité,20.0,
589,589,BOITE DE 4 PIEGES A GLU SOURIS avec appât,ASSAINIC,ASSAINIC,DROGUERIE,droguerie,Rongeurs,rongeurs,L'unité,L'unité,20.0,
336,336,TUBE GLU 135 gr,ASSAINIC,ASSAINIC,DROGUERIE,droguerie,Rongeurs,rongeurs,135gr,135gr,20.0,
1614,1614,LOT DE 2 TAPETTES A SOURIS EN BOIS SUR CARTE,ASSAINIC,ASSAINIC,DROGUERIE,droguerie,Rongeurs,rongeurs,L'unité,L'unité,20.0,
410,410,BOITE D'APPATAGE  POUR SOURIS AVEC CLE,ASSAINIC,ASSAINIC,DROGUERIE,droguerie,Rongeurs,rongeurs,L'unité,L'unité,20.0,
1082,1082,BOITE D'APPATAGE  POUR RATS & SOURIS  AVEC CLE,ASSAINIC,ASSAINIC,DROGUERIE,droguerie,Rongeurs,rongeurs,L'unité,L'unité,20.0,
1066,1066,RATICIDE/ SOURICIDE AVOINE BOITE  6X25 gr,ASSAINIC,ASSAINIC,DROGUERIE,droguerie,Rongeurs,rongeurs,150gr,150gr,20.0,
1124,1124,RATICIDE/ SOURICIDE BLE ENTIER BOITE  3X50 gr,ASSAINIC,ASSAINIC,DROGUERIE,droguerie,Rongeurs,rongeurs,150gr,150gr,20.0,
1574,1574,RATICIDE/SOURICIDE HYDROFUGE BOITE 7 X 40 gr,ASSAINIC,ASSAINIC,DROGUERIE,droguerie,Rongeurs,rongeurs,280gr,280gr,20.0,
1590,1590,RATICIDE/SOURIS PATE FRAICHE BOITE 15 X 10 gr,ASSAINIC,ASSAINIC,DROGUERIE,droguerie,Rongeurs,rongeurs,150gr,150gr,20.0,
590,590,BOITE DE 2 PIEGES A GLU RAT/SOURIS avec appât,ASSAINIC,ASSAINIC,DROGUERIE,droguerie,Rongeurs,rongeurs,L'unité,L'unité,20.0,
378,378,TAPETTE A  RAT ASSAINIC VRAC,ASSAINIC,ASSAINIC,DROGUERIE,droguerie,Rongeurs,rongeurs,L'unité,L'unité,20.0,
377,377,TAPETTE A  SOURIS ASSAINIC VRAC,ASSAINIC,ASSAINIC,DROGUERIE,droguerie,Rongeurs,rongeurs,L'unité,L'unité,20.0,
1616,1616,TAPETTE A RAT EN BOIS SUR CARTE,ASSAINIC,ASSAINIC,DROGUERIE,droguerie,Rongeurs,rongeurs,L'unité,L'unité,20.0,
1106,1106,2 PIEGES A SOURIS AUTOMATIQUES pré-appâtés,ASSAINIC,ASSAINIC,DROGUERIE,droguerie,Rongeurs,rongeurs,L'unité,L'unité,20.0,
628,628,NASSE A SOURIS 1 ENTREE 12X6X6 cm,ASSAINIC,ASSAINIC,DROGUERIE,droguerie,Rongeurs,rongeurs,L'unité,L'unité,20.0,
4728,4728,THERMOMETRE SONDE ETANCHE IP67 CALIBRABLE,STIL,STIL,DROGUERIE,droguerie,Themomètres,themometres,l'unité,l'unité,20.0,Ecotaxe 0.08 €
4749,4749,THERMOMETRE SONDE PRECISION INDUCTION EN13485,STIL,STIL,DROGUERIE,droguerie,Themomètres,themometres,l'unité,l'unité,20.0,Ecotaxe 0.08 €
4717,4717,THERMOMETRE PRO CUISSON A CŒUR POUR FOUR,STIL,STIL,DROGUERIE,droguerie,Themomètres,themometres,l'unité,l'unité,20.0,Ecotaxe 0.08 €
5512,5512,THERMOMETRE IF AVEC ALARME,STIL,STIL,DROGUERIE,droguerie,Themomètres,themometres,l'unité,l'unité,20.0,Ecotaxe 0.08 €
0992.5,0992.5,THERMOMETRE CONGEL/REFRIGERATEUR PRO,STIL,STIL,DROGUERIE,droguerie,Themomètres,themometres,l'unité,l'unité,20.0,
4857.5,4857.5,TESTEUR D'HUILE ELECTRONIQUE,STIL,STIL,DROGUERIE,droguerie,Huiles,huiles,l'unité,l'unité,20.0,Ecotaxe 0.12 €
4853,4853,BANDELETTE TEST QUALITE L'HUILE DE FRITURE X50,STIL,STIL,DROGUERIE,droguerie,Huiles,huiles,l'unité,l'unité,20.0,
4852,4852,MINUTEUR ROTATIF 2 TEMPS + ALARME SONORE ET VISUELLE,STIL,STIL,DROGUERIE,droguerie,Minuteurs / Horloges,minuteurs-horloges,l'unité,l'unité,20.0,Ecotaxe 0.08 €
3023,3023,HORLOGE NUMERIQUE GEANTE,STIL,STIL,DROGUERIE,droguerie,Minuteurs / Horloges,minuteurs-horloges,l'unité,l'unité,20.0,Ecotaxe 0.12 €
4797,4797,BALANCE DE CUISINE 5KGS/1GR  PLATEAU INOX,STIL,STIL,DROGUERIE,droguerie,Balances,balances,l'unité,l'unité,20.0,Ecotaxe 0.12 €
4798,4798,BALANCE PRO 15 KGS/2GR  IP54,STIL,STIL,DROGUERIE,droguerie,Balances,balances,l'unité,l'unité,20.0,Ecotaxe 0.25 €
